customer_id,loan_id,country_name,currency,interest_rate_pm,loan_amount,loan_amount_eur,payout_date,maturity_date,open_notional_eur_maturity_date,open_notional_eur_reporting_date,loan_status
1,965,Austria,EUR,0.2623,180235,180235,NULL,NULL,0,0,No Payout Yet
2,987,Austria,EUR,0.1579,274855,274855,NULL,NULL,0,0,No Payout Yet
3,920,Germany,EUR,0.2539,489201,489201,NULL,NULL,0,0,No Payout Yet
4,997,Germany,EUR,0.2163,320992,320992,NULL,NULL,0,0,No Payout Yet
5,967,Germany,EUR,0.1597,266093,266093,NULL,NULL,0,0,No Payout Yet
6,719,Germany,EUR,0.2544,38655,38655,NULL,NULL,0,0,No Payout Yet
7,700,Germany,EUR,0.2793,307748,307748,NULL,NULL,0,0,No Payout Yet
8,151,France,EUR,0.1992,327201,327201,12.10.19,12.10.20,0,0,Repaid
9,767,Germany,EUR,0.1667,47775,47775,NULL,NULL,0,0,No Payout Yet
10,647,England,GBP,0.2382,458951,532933.9,NULL,NULL,0,0,No Payout Yet
11,504,Portugal,EUR,0.2193,354607,354607,NULL,NULL,0,0,No Payout Yet
12,159,Austria,EUR,0.1754,344115,344115,25.10.19,25.10.20,0,0,Repaid
13,867,Austria,EUR,0.1935,342289,342289,NULL,NULL,0,0,No Payout Yet
14,262,Germany,EUR,0.2954,481826,481826,16.08.20,16.08.21,0,0,Repaid
15,354,Germany,EUR,0.2348,188355,188355,04.02.21,04.02.22,-188355,-188355,Current
16,611,Germany,EUR,0.2511,370892,370892,NULL,NULL,0,0,No Payout Yet
17,327,Germany,EUR,0.186,30017,30017,25.09.20,25.09.21,0.01,0.01,Repaid (Overpaid - Rounding)
18,863,Portugal,EUR,0.2206,110220,110220,NULL,NULL,0,0,No Payout Yet
19,756,Italy,EUR,0.203,221241,221241,NULL,NULL,0,0,No Payout Yet
20,313,Germany,EUR,0.2645,400586,400586,05.11.20,05.11.21,-300439.5,-300439.5,Current
21,976,Malta,EUR,0.2253,282907,282907,NULL,NULL,0,0,No Payout Yet
22,991,Germany,EUR,0.1547,436584,436584,NULL,NULL,0,0,No Payout Yet
23,977,England,GBP,0.1836,150074,174265.93,NULL,NULL,0,0,No Payout Yet
24,132,Germany,EUR,0.2044,74078,74078,15.07.19,15.07.20,0,0,Repaid
25,993,Austria,EUR,0.2164,235191,235191,NULL,NULL,0,0,No Payout Yet
26,625,England,GBP,0.2656,258206,299828.81,NULL,NULL,0,0,No Payout Yet
27,754,Germany,EUR,0.1946,125451,125451,NULL,NULL,0,0,No Payout Yet
28,124,Austria,EUR,0.267,69871,69871,03.08.19,03.08.20,0,0,Repaid
29,463,England,GBP,0.1805,102096,118553.88,15.07.21,15.07.22,-118553.88,-118553.88,Current
30,402,Germany,EUR,0.2266,20674,20674,03.03.21,03.03.22,-20674,-20674,Current
31,511,England,GBP,0.1984,339092,393753.63,NULL,NULL,0,0,No Payout Yet
32,825,Germany,EUR,0.2915,433786,433786,NULL,NULL,0,0,No Payout Yet
33,921,Germany,EUR,0.2901,453877,453877,NULL,NULL,0,0,No Payout Yet
34,663,Germany,EUR,0.2839,448618,448618,NULL,NULL,0,0,No Payout Yet
35,369,Austria,EUR,0.1683,105304,105304,23.01.21,23.01.22,0,0,Repaid
36,875,Austria,EUR,0.2337,138631,138631,NULL,NULL,0,0,No Payout Yet
37,64,Germany,EUR,0.2711,10796,10796,15.01.19,15.01.20,-10796,-7197.33,Default
38,454,Austria,EUR,0.2051,349470,349470,12.05.21,12.05.22,-349470,-349470,Current
39,958,England,GBP,0.1539,185402,215288.8,NULL,NULL,0,0,No Payout Yet
40,397,Portugal,EUR,0.2467,276741,276741,08.04.21,08.04.22,-166044.6,-166044.6,Current
41,901,Germany,EUR,0.2353,339253,339253,NULL,NULL,0,0,No Payout Yet
42,456,Austria,EUR,0.2519,396039,396039,18.06.21,18.06.22,-396039,-396039,Current
43,502,Austria,EUR,0.2963,150178,150178,18.07.21,18.07.22,-150178,-150178,Current
44,795,England,GBP,0.2022,217372,252412.37,NULL,NULL,0,0,No Payout Yet
45,521,England,GBP,0.212,243247,282458.42,NULL,NULL,0,0,No Payout Yet
46,212,England,GBP,0.2555,187313,217507.86,16.04.20,16.04.21,0,0,Repaid
47,689,England,GBP,0.2558,60302,70022.68,NULL,NULL,0,0,No Payout Yet
48,44,Italy,EUR,0.1838,100560,100560,09.12.18,09.12.19,0,0,Repaid
49,319,Germany,EUR,0.1774,113317,113317,03.11.20,03.11.21,-37772.34,-37772.34,Current
50,970,Germany,EUR,0.2298,458879,458879,NULL,NULL,0,0,No Payout Yet
51,975,Italy,EUR,0.2035,96925,96925,NULL,NULL,0,0,No Payout Yet
52,481,England,GBP,0.2391,97369,113064.88,19.06.21,19.06.22,-45225.94,-45225.94,Current
53,85,Austria,EUR,0.24,366219,366219,22.02.19,22.02.20,0,0,Repaid
54,699,Germany,EUR,0.1961,105218,105218,NULL,NULL,0,0,No Payout Yet
55,516,France,EUR,0.1873,497045,497045,NULL,NULL,0,0,No Payout Yet
56,177,Spain,EUR,0.238,67124,67124,24.12.19,24.12.20,0,0,Repaid
57,247,Germany,EUR,0.2968,446991,446991,16.05.20,16.05.21,0,0,Repaid
58,834,Germany,EUR,0.1769,175811,175811,NULL,NULL,0,0,No Payout Yet
59,33,England,GBP,0.1777,175924,204282.95,18.11.18,18.11.19,0,0,Repaid
60,362,Germany,EUR,0.2014,57789,57789,08.03.21,08.03.22,-57789,-57789,Current
61,183,Austria,EUR,0.2761,395807,395807,20.03.20,20.03.21,0,0,Repaid
62,755,Austria,EUR,0.1747,155141,155141,NULL,NULL,0,0,No Payout Yet
63,459,Austria,EUR,0.2435,324385,324385,15.05.21,15.05.22,-324385,-324385,Current
64,20,Germany,EUR,0.1818,167528,167528,06.12.18,06.12.19,0.01,0.01,Repaid (Overpaid - Rounding)
65,336,Germany,EUR,0.2671,246797,246797,10.10.20,10.10.21,0,0,Repaid
66,166,England,GBP,0.236,296218,343968.34,24.11.19,24.11.20,0,0,Repaid
67,823,Germany,EUR,0.251,378893,378893,NULL,NULL,0,0,No Payout Yet
68,725,Austria,EUR,0.2135,324959,324959,NULL,NULL,0,0,No Payout Yet
69,93,Germany,EUR,0.2538,223202,223202,19.04.19,19.04.20,0,0,Repaid
70,888,Portugal,EUR,0.2524,380313,380313,NULL,NULL,0,0,No Payout Yet
71,718,Austria,EUR,0.2965,316427,316427,NULL,NULL,0,0,No Payout Yet
72,165,Germany,EUR,0.285,83915,83915,10.11.19,10.11.20,0.01,0.01,Repaid (Overpaid - Rounding)
73,549,Germany,EUR,0.2968,270899,270899,20.07.21,20.07.22,-270899,-270899,Current
74,160,Germany,EUR,0.2035,329459,329459,07.12.19,07.12.20,0,0,Repaid
75,355,Germany,EUR,0.2205,247453,247453,03.03.21,03.03.22,-123726.5,-123726.5,Current
76,180,Austria,EUR,0.2711,119100,119100,12.03.20,12.03.21,0,0,Repaid
77,661,Germany,EUR,0.1658,245867,245867,NULL,NULL,0,0,No Payout Yet
78,971,Austria,EUR,0.2663,418813,418813,NULL,NULL,0,0,No Payout Yet
79,207,Germany,EUR,0.2883,138193,138193,23.03.20,23.03.21,0,0,Repaid
80,235,England,GBP,0.2352,264651,307312.74,05.07.20,05.07.21,0,0,Repaid
81,518,Italy,EUR,0.2535,362908,362908,NULL,NULL,0,0,No Payout Yet
82,588,Germany,EUR,0.2605,375106,375106,NULL,NULL,0,0,No Payout Yet
83,331,Germany,EUR,0.2871,253943,253943,11.10.20,11.10.21,0,0,Repaid
84,571,Austria,EUR,0.2011,498827,498827,11.07.21,11.07.22,-498827,-498827,Current
85,821,Austria,EUR,0.1595,69728,69728,NULL,NULL,0,0,No Payout Yet
86,299,France,EUR,0.248,145490,145490,10.09.20,10.09.21,0,0,Repaid
87,838,Spain,EUR,0.1575,289168,289168,NULL,NULL,0,0,No Payout Yet
88,279,Germany,EUR,0.2773,51760,51760,02.08.20,02.08.21,0,0,Repaid
89,272,Italy,EUR,0.2263,329641,329641,17.09.20,17.09.21,0,0,Repaid
90,47,Germany,EUR,0.1834,36297,36297,26.02.19,26.02.20,0,0,Repaid
91,424,Germany,EUR,0.2975,409201,409201,23.03.21,23.03.22,-409201,-409201,Current
92,141,Italy,EUR,0.2034,36615,36615,26.09.19,26.09.20,0,0,Repaid
93,614,Germany,EUR,0.1721,183021,183021,20.07.21,20.07.22,-183021,-183021,Current
94,908,Germany,EUR,0.1611,348173,348173,NULL,NULL,0,0,No Payout Yet
95,100,Portugal,EUR,0.19,391028,391028,20.03.19,20.03.20,0.01,0.01,Repaid (Overpaid - Rounding)
96,798,England,GBP,0.2653,452816,525809.94,NULL,NULL,0,0,No Payout Yet
97,40,Austria,EUR,0.2359,348172,348172,10.12.18,10.12.19,0,0,Repaid
98,964,Spain,EUR,0.1548,279856,279856,NULL,NULL,0,0,No Payout Yet
99,131,Germany,EUR,0.156,316020,316020,16.09.19,16.09.20,0,0,Repaid
100,401,Austria,EUR,0.2196,406994,406994,02.04.21,02.04.22,-135664.66,-135664.66,Current
101,680,Austria,EUR,0.2678,87900,87900,NULL,NULL,0,0,No Payout Yet
102,303,Malta,EUR,0.2985,192952,192952,22.08.20,22.08.21,0,0,Repaid
103,538,Germany,EUR,0.2022,274909,274909,16.07.21,16.07.22,-274909,-274909,Current
104,228,Malta,EUR,0.2325,81551,81551,22.04.20,22.04.21,0.01,0.01,Repaid (Overpaid - Rounding)
105,552,Austria,EUR,0.2357,314778,314778,15.07.21,15.07.22,-314778,-314778,Current
106,238,Germany,EUR,0.1595,475614,475614,16.06.20,16.06.21,0,0,Repaid
107,334,Germany,EUR,0.2149,342377,342377,17.10.20,17.10.21,0,0,Repaid
108,363,England,GBP,0.1987,473272,549563.45,20.02.21,20.02.22,0,0,Repaid
109,524,Germany,EUR,0.2566,307094,307094,06.07.21,06.07.22,-307094,-307094,Current
110,237,Austria,EUR,0.2812,402154,402154,07.07.20,07.07.21,0,0,Repaid
111,264,Germany,EUR,0.2772,394846,394846,12.08.20,12.08.21,0,0,Repaid
112,216,Italy,EUR,0.2468,311486,311486,24.03.20,24.03.21,-62297.2,0,Recovered
113,179,Germany,EUR,0.2532,77741,77741,26.12.19,26.12.20,0.01,0.01,Repaid (Overpaid - Rounding)
114,333,Germany,EUR,0.2463,25464,25464,09.11.20,09.11.21,-25464,-25464,Current
115,780,Germany,EUR,0.2642,451782,451782,NULL,NULL,0,0,No Payout Yet
116,329,Germany,EUR,0.2668,85322,85322,05.10.20,05.10.21,-85322,-85322,Current
117,42,Austria,EUR,0.1951,293172,293172,30.12.18,30.12.19,0,0,Repaid
118,473,Germany,EUR,0.2433,290714,290714,17.05.21,17.05.22,-232571.2,-232571.2,Current
119,76,Germany,EUR,0.2154,156821,156821,04.03.19,04.03.20,0,0,Repaid
120,367,England,GBP,0.2342,373642,433873.09,17.04.21,17.04.22,-289248.73,-289248.73,Current
121,896,Spain,EUR,0.2759,80828,80828,NULL,NULL,0,0,No Payout Yet
122,697,England,GBP,0.1873,371872,431817.77,NULL,NULL,0,0,No Payout Yet
123,95,Germany,EUR,0.22,156748,156748,08.03.19,08.03.20,0,0,Repaid
124,811,Austria,EUR,0.2144,438354,438354,NULL,NULL,0,0,No Payout Yet
125,959,Germany,EUR,0.2488,237707,237707,NULL,NULL,0,0,No Payout Yet
126,935,Austria,EUR,0.2494,384042,384042,NULL,NULL,0,0,No Payout Yet
127,351,Austria,EUR,0.2133,325597,325597,13.03.21,13.03.22,-325597,-325597,Current
128,271,Austria,EUR,0.2202,219729,219729,02.08.20,02.08.21,0,0,Repaid
129,660,England,GBP,0.2703,302726,351525.43,NULL,NULL,0,0,No Payout Yet
130,24,Germany,EUR,0.2498,390423,390423,27.10.18,27.10.19,-390423,0,Recovered
131,128,Germany,EUR,0.1931,171686,171686,21.09.19,21.09.20,0,0,Repaid
132,185,Austria,EUR,0.2662,171400,171400,19.03.20,19.03.21,0,0,Repaid
133,705,Germany,EUR,0.2504,357402,357402,NULL,NULL,0,0,No Payout Yet
134,646,Germany,EUR,0.2738,291975,291975,NULL,NULL,0,0,No Payout Yet
135,926,Germany,EUR,0.2822,440943,440943,NULL,NULL,0,0,No Payout Yet
136,737,Germany,EUR,0.2908,213715,213715,NULL,NULL,0,0,No Payout Yet
137,657,Germany,EUR,0.1884,216748,216748,NULL,NULL,0,0,No Payout Yet
138,157,Germany,EUR,0.2419,458900,458900,01.01.20,01.01.21,0.01,0.01,Repaid (Overpaid - Rounding)
139,750,England,GBP,0.2674,319753,371297.18,NULL,NULL,0,0,No Payout Yet
140,295,Austria,EUR,0.2152,349822,349822,12.08.20,12.08.21,-349822,-349822,Current
141,692,Italy,EUR,0.2704,410784,410784,NULL,NULL,0,0,No Payout Yet
142,868,England,GBP,0.2607,74987,87074.9,NULL,NULL,0,0,No Payout Yet
143,989,Germany,EUR,0.1732,373924,373924,NULL,NULL,0,0,No Payout Yet
144,939,Germany,EUR,0.2643,74738,74738,NULL,NULL,0,0,No Payout Yet
145,465,England,GBP,0.2288,456863,530509.32,26.07.21,26.07.22,-530509.32,-530509.32,Current
146,877,Spain,EUR,0.1989,63163,63163,NULL,NULL,0,0,No Payout Yet
147,507,Portugal,EUR,0.152,64292,64292,NULL,NULL,0,0,No Payout Yet
148,5,England,GBP,0.2555,377698,438582.92,01.11.18,01.11.19,-175433.18,-0.02,Default
149,420,Germany,EUR,0.2089,295792,295792,23.03.21,23.03.22,-197194.67,-197194.67,Current
150,570,Austria,EUR,0.2521,96391,96391,24.07.21,24.07.22,-96391,-96391,Current
151,231,Germany,EUR,0.246,440758,440758,14.06.20,14.06.21,-440758,-440758,Default
152,576,Austria,EUR,0.2455,110495,110495,14.07.21,14.07.22,-110495,-110495,Current
153,377,Germany,EUR,0.2448,343969,343969,31.03.21,31.03.22,-206381.4,-206381.4,Current
154,21,Germany,EUR,0.1634,204065,204065,18.11.18,18.11.19,-122439,0,Recovered
155,556,Germany,EUR,0.214,325202,325202,31.07.21,31.07.22,-325202,-325202,Current
156,813,Germany,EUR,0.2555,324463,324463,NULL,NULL,0,0,No Payout Yet
157,531,Germany,EUR,0.1775,80556,80556,25.06.21,25.06.22,-80556,-80556,Current
158,220,Germany,EUR,0.2668,451141,451141,16.06.20,16.06.21,0,0,Repaid
159,110,Malta,EUR,0.2997,195729,195729,23.05.19,23.05.20,-195729,-195729,Default
160,468,Germany,EUR,0.2367,214243,214243,17.05.21,17.05.22,-214243,-214243,Current
161,417,Austria,EUR,0.2951,278119,278119,29.05.21,29.05.22,-278119,-278119,Current
162,433,Germany,EUR,0.2517,200058,200058,11.05.21,11.05.22,-150043.5,-150043.5,Current
163,258,Austria,EUR,0.1775,371105,371105,01.08.20,01.08.21,0,0,Repaid
164,848,Germany,EUR,0.1831,434756,434756,NULL,NULL,0,0,No Payout Yet
165,858,Germany,EUR,0.2789,67582,67582,NULL,NULL,0,0,No Payout Yet
166,960,Germany,EUR,0.2635,312381,312381,NULL,NULL,0,0,No Payout Yet
167,514,England,GBP,0.2887,282481,328016.94,28.06.21,28.06.22,-328016.94,-328016.94,Current
168,194,England,GBP,0.2255,113704,132033.08,25.03.20,25.03.21,-52813.22,0.02,Repaid (Overpaid - Rounding)
169,53,Germany,EUR,0.2098,13447,13447,31.01.19,31.01.20,0,0,Repaid
170,126,Italy,EUR,0.2921,59633,59633,22.07.19,22.07.20,0,0,Repaid
171,215,Austria,EUR,0.2069,383647,383647,22.04.20,22.04.21,0,0,Repaid
172,652,Spain,EUR,0.2176,42283,42283,NULL,NULL,0,0,No Payout Yet
173,411,Austria,EUR,0.2973,306613,306613,29.04.21,29.04.22,-204408.67,-204408.67,Current
174,406,England,GBP,0.2338,252236,292896.44,15.05.21,15.05.22,-292896.44,-292896.44,Current
175,94,Italy,EUR,0.2754,18856,18856,29.04.19,29.04.20,-9428,0,Recovered
176,864,Austria,EUR,0.2334,489236,489236,NULL,NULL,0,0,No Payout Yet
177,171,Germany,EUR,0.179,247117,247117,15.02.20,15.02.21,-0.01,-0.01,Default
178,649,Germany,EUR,0.2221,88321,88321,NULL,NULL,0,0,No Payout Yet
179,966,Spain,EUR,0.2106,274098,274098,NULL,NULL,0,0,No Payout Yet
180,134,England,GBP,0.1862,215247,249944.82,20.07.19,20.07.20,-0.02,-0.02,Default
181,61,Germany,EUR,0.2603,152617,152617,21.03.19,21.03.20,-0.01,-0.01,Default
182,600,Austria,EUR,0.2703,490731,490731,NULL,NULL,0,0,No Payout Yet
183,510,Germany,EUR,0.2857,329665,329665,NULL,NULL,0,0,No Payout Yet
184,17,Malta,EUR,0.1857,35464,35464,24.09.18,24.09.19,-35464,-11821.34,Default
185,722,Germany,EUR,0.2351,230279,230279,NULL,NULL,0,0,No Payout Yet
186,930,Germany,EUR,0.2161,303091,303091,NULL,NULL,0,0,No Payout Yet
187,757,Germany,EUR,0.2148,155014,155014,NULL,NULL,0,0,No Payout Yet
188,11,Austria,EUR,0.2285,204159,204159,22.11.18,22.11.19,0,0,Repaid
189,259,France,EUR,0.2845,460217,460217,06.08.20,06.08.21,0,0,Repaid
190,759,Austria,EUR,0.2035,46180,46180,NULL,NULL,0,0,No Payout Yet
191,311,Portugal,EUR,0.2804,383818,383818,28.10.20,28.10.21,-255878.67,-255878.67,Current
192,941,England,GBP,0.2494,340487,395373.5,NULL,NULL,0,0,No Payout Yet
193,968,Germany,EUR,0.2683,21869,21869,NULL,NULL,0,0,No Payout Yet
194,887,England,GBP,0.2104,383014,444755.86,NULL,NULL,0,0,No Payout Yet
195,793,Portugal,EUR,0.2621,225977,225977,NULL,NULL,0,0,No Payout Yet
196,555,Italy,EUR,0.2687,146578,146578,25.07.21,25.07.22,-146578,-146578,Current
197,859,Germany,EUR,0.2085,122025,122025,NULL,NULL,0,0,No Payout Yet
198,604,Austria,EUR,0.2562,351646,351646,NULL,NULL,0,0,No Payout Yet
199,340,England,GBP,0.2814,82023,95245.11,03.03.21,03.03.22,-47622.56,-47622.56,Current
200,925,Germany,EUR,0.234,169965,169965,NULL,NULL,0,0,No Payout Yet
201,617,Germany,EUR,0.1984,273215,273215,29.07.21,29.07.22,-273215,-273215,Current
202,669,Germany,EUR,0.2819,416377,416377,NULL,NULL,0,0,No Payout Yet
203,505,England,GBP,0.2139,442267,513560.44,22.07.21,22.07.22,-513560.44,-513560.44,Current
204,358,England,GBP,0.235,69858,81119.11,13.01.21,13.01.22,0,0,Repaid
205,482,Germany,EUR,0.2978,253392,253392,NULL,NULL,0,0,No Payout Yet
206,339,Germany,EUR,0.2278,247404,247404,27.01.21,27.01.22,-247404,-247404,Current
207,585,England,GBP,0.2972,65829,76440.63,26.07.21,26.07.22,-76440.63,-76440.63,Current
208,631,Germany,EUR,0.2989,334138,334138,NULL,NULL,0,0,No Payout Yet
209,560,Germany,EUR,0.2736,391469,391469,20.07.21,20.07.22,-391469,-391469,Current
210,275,Germany,EUR,0.1833,334315,334315,12.09.20,12.09.21,0,0,Repaid
211,156,France,EUR,0.2266,190809,190809,05.12.19,05.12.20,-47702.25,0,Recovered
212,651,Austria,EUR,0.2357,171933,171933,NULL,NULL,0,0,No Payout Yet
213,72,Germany,EUR,0.2003,143482,143482,12.04.19,12.04.20,0,0,Repaid
214,79,Germany,EUR,0.2535,425928,425928,21.03.19,21.03.20,0,0,Repaid
215,698,Germany,EUR,0.1774,176727,176727,NULL,NULL,0,0,No Payout Yet
216,453,Germany,EUR,0.2493,112475,112475,23.05.21,23.05.22,-112475,-112475,Current
217,236,Germany,EUR,0.1906,137868,137868,11.07.20,11.07.21,0,0,Repaid
218,419,Germany,EUR,0.2586,79075,79075,20.04.21,20.04.22,-79075,-79075,Current
219,105,Germany,EUR,0.1705,97502,97502,03.05.19,03.05.20,0,0,Repaid
220,58,England,GBP,0.1934,403257,468262.03,19.03.19,19.03.20,-468262.03,-351196.52,Default
221,950,Germany,EUR,0.2565,286878,286878,NULL,NULL,0,0,No Payout Yet
222,312,Germany,EUR,0.1842,339010,339010,28.08.20,28.08.21,0,0,Repaid
223,529,England,GBP,0.2289,272507,316435.13,05.07.21,05.07.22,-253148.1,-253148.1,Current
224,413,England,GBP,0.2733,330123,383338.83,10.05.21,10.05.22,-255559.22,-255559.22,Current
225,525,Germany,EUR,0.1793,256227,256227,NULL,NULL,0,0,No Payout Yet
226,393,Germany,EUR,0.2385,189597,189597,21.04.21,21.04.22,-189597,-189597,Current
227,123,Austria,EUR,0.1701,110949,110949,09.08.19,09.08.20,0,0,Repaid
228,301,Malta,EUR,0.1565,96243,96243,05.10.20,05.10.21,-96243,-96243,Current
229,534,Germany,EUR,0.1935,257025,257025,NULL,NULL,0,0,No Payout Yet
230,650,Austria,EUR,0.2834,39092,39092,NULL,NULL,0,0,No Payout Yet
231,437,Germany,EUR,0.2913,488291,488291,24.05.21,24.05.22,-488291,-488291,Current
232,261,Germany,EUR,0.259,444473,444473,28.06.20,28.06.21,0,0,Repaid
233,641,England,GBP,0.255,241020,279872.42,NULL,NULL,0,0,No Payout Yet
234,743,France,EUR,0.231,217895,217895,NULL,NULL,0,0,No Payout Yet
235,905,Spain,EUR,0.222,167772,167772,NULL,NULL,0,0,No Payout Yet
236,708,Germany,EUR,0.2742,451987,451987,NULL,NULL,0,0,No Payout Yet
237,591,Germany,EUR,0.2159,180681,180681,NULL,NULL,0,0,No Payout Yet
238,772,Germany,EUR,0.2053,50448,50448,NULL,NULL,0,0,No Payout Yet
239,747,Germany,EUR,0.158,302101,302101,NULL,NULL,0,0,No Payout Yet
240,323,Germany,EUR,0.1869,118643,118643,03.12.20,03.12.21,0,0,Repaid
241,68,Germany,EUR,0.2816,36298,36298,17.03.19,17.03.20,0,0,Repaid
242,998,Germany,EUR,0.2256,102274,102274,NULL,NULL,0,0,No Payout Yet
243,835,Germany,EUR,0.2515,184272,184272,NULL,NULL,0,0,No Payout Yet
244,445,Germany,EUR,0.1607,304088,304088,03.04.21,03.04.22,-304088,-304088,Current
245,870,Germany,EUR,0.2581,51371,51371,NULL,NULL,0,0,No Payout Yet
246,732,England,GBP,0.279,347511,403529.77,NULL,NULL,0,0,No Payout Yet
247,955,Italy,EUR,0.2425,25836,25836,NULL,NULL,0,0,No Payout Yet
248,500,Austria,EUR,0.2582,232086,232086,12.06.21,12.06.22,-232086,-232086,Current
249,338,Germany,EUR,0.2691,243247,243247,15.12.20,15.12.21,-243247,-243247,Current
250,712,Germany,EUR,0.2601,313081,313081,NULL,NULL,0,0,No Payout Yet
251,714,Austria,EUR,0.1548,57958,57958,NULL,NULL,0,0,No Payout Yet
252,616,Germany,EUR,0.2095,340608,340608,NULL,NULL,0,0,No Payout Yet
253,824,England,GBP,0.2013,496748,576823.78,NULL,NULL,0,0,No Payout Yet
254,897,Austria,EUR,0.258,354123,354123,NULL,NULL,0,0,No Payout Yet
255,199,Italy,EUR,0.2152,303386,303386,03.02.20,03.02.21,0.01,0.01,Repaid (Overpaid - Rounding)
256,730,England,GBP,0.1516,410389,476543.71,NULL,NULL,0,0,No Payout Yet
257,779,Germany,EUR,0.1813,383970,383970,NULL,NULL,0,0,No Payout Yet
258,253,Austria,EUR,0.2709,322994,322994,05.07.20,05.07.21,0,0,Repaid
259,281,France,EUR,0.2801,493090,493090,04.09.20,04.09.21,0,0,Repaid
260,590,Austria,EUR,0.2201,221521,221521,NULL,NULL,0,0,No Payout Yet
261,267,England,GBP,0.1916,97620,113356.34,03.07.20,03.07.21,0.01,0.01,Repaid (Overpaid - Rounding)
262,773,Germany,EUR,0.2111,233847,233847,NULL,NULL,0,0,No Payout Yet
263,923,Germany,EUR,0.242,393058,393058,NULL,NULL,0,0,No Payout Yet
264,539,France,EUR,0.2743,353595,353595,NULL,NULL,0,0,No Payout Yet
265,321,Germany,EUR,0.2425,136918,136918,03.12.20,03.12.21,-91278.67,-91278.67,Current
266,873,Germany,EUR,0.2636,236403,236403,NULL,NULL,0,0,No Payout Yet
267,297,England,GBP,0.242,337115,391457.94,29.07.20,29.07.21,0,0,Repaid
268,765,Germany,EUR,0.2623,354878,354878,NULL,NULL,0,0,No Payout Yet
269,776,Malta,EUR,0.2847,72455,72455,NULL,NULL,0,0,No Payout Yet
270,715,Germany,EUR,0.1701,244417,244417,NULL,NULL,0,0,No Payout Yet
271,983,England,GBP,0.1962,479105,556336.73,NULL,NULL,0,0,No Payout Yet
272,603,Austria,EUR,0.2183,451188,451188,NULL,NULL,0,0,No Payout Yet
273,202,Malta,EUR,0.2629,363478,363478,24.03.20,24.03.21,-242318.67,-242318.67,Default
274,458,Germany,EUR,0.2702,413303,413303,15.05.21,15.05.22,-330642.4,-330642.4,Current
275,782,Germany,EUR,0.2825,239879,239879,NULL,NULL,0,0,No Payout Yet
276,163,England,GBP,0.2738,415458,482429.83,19.01.20,19.01.21,-0.01,-0.01,Default
277,241,Germany,EUR,0.1974,383850,383850,12.06.20,12.06.21,0,0,Repaid
278,886,Germany,EUR,0.2496,141758,141758,NULL,NULL,0,0,No Payout Yet
279,783,Germany,EUR,0.2479,126891,126891,NULL,NULL,0,0,No Payout Yet
280,984,Germany,EUR,0.1775,496385,496385,NULL,NULL,0,0,No Payout Yet
281,526,Malta,EUR,0.2151,206778,206778,30.07.21,30.07.22,-206778,-206778,Current
282,469,Germany,EUR,0.2149,462479,462479,02.06.21,02.06.22,-462479,-462479,Current
283,891,England,GBP,0.2856,257315,298794.18,NULL,NULL,0,0,No Payout Yet
284,498,England,GBP,0.1846,214936,249583.68,09.06.21,09.06.22,-49916.72,-49916.72,Current
285,337,Germany,EUR,0.293,472789,472789,21.01.21,21.01.22,-283673.4,-283673.4,Current
286,724,Austria,EUR,0.2573,144903,144903,NULL,NULL,0,0,No Payout Yet
287,385,Austria,EUR,0.2886,304785,304785,08.02.21,08.02.22,-304785,-304785,Current
288,118,Germany,EUR,0.246,265941,265941,05.09.19,05.09.20,0,0,Repaid
289,189,Germany,EUR,0.1541,85494,85494,06.01.20,06.01.21,0,0,Repaid
290,839,Germany,EUR,0.2013,183719,183719,NULL,NULL,0,0,No Payout Yet
291,56,Germany,EUR,0.207,433220,433220,13.03.19,13.03.20,-144406.66,0.01,Repaid (Overpaid - Rounding)
292,879,Portugal,EUR,0.2476,180611,180611,NULL,NULL,0,0,No Payout Yet
293,494,Germany,EUR,0.253,159769,159769,11.06.21,11.06.22,-159769,-159769,Current
294,583,England,GBP,0.2136,372670,432744.4,NULL,NULL,0,0,No Payout Yet
295,174,Germany,EUR,0.2305,55788,55788,10.03.20,10.03.21,0,0,Repaid
296,768,Germany,EUR,0.162,333976,333976,NULL,NULL,0,0,No Payout Yet
297,764,Germany,EUR,0.235,485078,485078,NULL,NULL,0,0,No Payout Yet
298,561,Germany,EUR,0.2714,209232,209232,NULL,NULL,0,0,No Payout Yet
299,980,Austria,EUR,0.2093,287392,287392,NULL,NULL,0,0,No Payout Yet
300,476,Germany,EUR,0.1964,390052,390052,23.07.21,23.07.22,-390052,-390052,Current
301,359,Italy,EUR,0.2529,294172,294172,15.02.21,15.02.22,-147086,-147086,Current
302,432,Germany,EUR,0.1591,417253,417253,24.03.21,24.03.22,0,0,Repaid
303,527,Germany,EUR,0.2474,415307,415307,23.07.21,23.07.22,-415307,-415307,Current
304,305,Austria,EUR,0.2654,347736,347736,30.08.20,30.08.21,0,0,Repaid
305,695,Germany,EUR,0.2237,246385,246385,NULL,NULL,0,0,No Payout Yet
306,181,France,EUR,0.2888,147173,147173,26.02.20,26.02.21,0,0,Repaid
307,809,England,GBP,0.1635,54978,63840.45,NULL,NULL,0,0,No Payout Yet
308,78,Germany,EUR,0.2239,138514,138514,28.03.19,28.03.20,-0.01,-0.01,Default
309,1000,Austria,EUR,0.1645,475075,475075,NULL,NULL,0,0,No Payout Yet
310,51,Austria,EUR,0.2477,96999,96999,12.02.19,12.02.20,0,0,Repaid
311,293,Austria,EUR,0.1761,78095,78095,14.08.20,14.08.21,-19523.75,-19523.75,Current
312,19,Germany,EUR,0.2586,410826,410826,31.10.18,31.10.19,-410826,-410826,Default
313,23,England,GBP,0.2978,342291,397468.31,27.12.18,27.12.19,0.01,0.01,Repaid (Overpaid - Rounding)
314,954,Italy,EUR,0.2654,30905,30905,NULL,NULL,0,0,No Payout Yet
315,630,Italy,EUR,0.2014,282610,282610,NULL,NULL,0,0,No Payout Yet
316,203,Germany,EUR,0.2788,463845,463845,10.02.20,10.02.21,0,0,Repaid
317,945,Germany,EUR,0.2434,145833,145833,NULL,NULL,0,0,No Payout Yet
318,104,Spain,EUR,0.2152,436467,436467,14.05.19,14.05.20,-218233.5,0,Recovered
319,771,Germany,EUR,0.1531,335293,335293,NULL,NULL,0,0,No Payout Yet
320,263,Spain,EUR,0.1649,469700,469700,07.07.20,07.07.21,0,0,Repaid
321,213,Germany,EUR,0.1605,436806,436806,18.02.20,18.02.21,0,0,Repaid
322,475,Austria,EUR,0.2201,231305,231305,09.07.21,09.07.22,-231305,-231305,Current
323,893,Germany,EUR,0.2033,130070,130070,NULL,NULL,0,0,No Payout Yet
324,150,Germany,EUR,0.2258,260128,260128,13.10.19,13.10.20,-0.01,-0.01,Default
325,472,Germany,EUR,0.2813,294383,294383,22.05.21,22.05.22,-294383,-294383,Current
326,121,Spain,EUR,0.2451,233821,233821,19.09.19,19.09.20,-0.01,-0.01,Default
327,739,Spain,EUR,0.163,244850,244850,NULL,NULL,0,0,No Payout Yet
328,200,Austria,EUR,0.3,69094,69094,17.03.20,17.03.21,-69094,-51820.5,Default
329,988,Italy,EUR,0.2171,343242,343242,NULL,NULL,0,0,No Payout Yet
330,269,Germany,EUR,0.1708,269942,269942,29.08.20,29.08.21,0,0,Repaid
331,830,Germany,EUR,0.27,334241,334241,NULL,NULL,0,0,No Payout Yet
332,932,Germany,EUR,0.2267,337084,337084,NULL,NULL,0,0,No Payout Yet
333,352,Austria,EUR,0.2164,94412,94412,04.02.21,04.02.22,-94412,-94412,Current
334,206,Germany,EUR,0.2363,497218,497218,14.02.20,14.02.21,0,0,Repaid
335,374,Germany,EUR,0.1874,120019,120019,21.04.21,21.04.22,-72011.4,-72011.4,Current
336,523,Germany,EUR,0.2886,76910,76910,NULL,NULL,0,0,No Payout Yet
337,792,Germany,EUR,0.1613,415783,415783,NULL,NULL,0,0,No Payout Yet
338,59,England,GBP,0.2419,365579,424510.33,24.03.19,24.03.20,-424510.33,-424510.33,Default
339,326,Germany,EUR,0.1937,468227,468227,06.10.20,06.10.21,-234113.5,-234113.5,Current
340,774,Malta,EUR,0.2339,79582,79582,NULL,NULL,0,0,No Payout Yet
341,951,Germany,EUR,0.2052,425652,425652,NULL,NULL,0,0,No Payout Yet
342,265,Germany,EUR,0.2753,498487,498487,02.08.20,02.08.21,0,0,Repaid
343,685,Austria,EUR,0.2197,11222,11222,NULL,NULL,0,0,No Payout Yet
344,889,Germany,EUR,0.2264,221562,221562,NULL,NULL,0,0,No Payout Yet
345,727,Germany,EUR,0.2262,217056,217056,NULL,NULL,0,0,No Payout Yet
346,495,Germany,EUR,0.2379,148748,148748,27.06.21,27.06.22,-148748,-148748,Current
347,25,Austria,EUR,0.1756,350121,350121,19.11.18,19.11.19,-350121,-350121,Default
348,761,Germany,EUR,0.2762,365522,365522,NULL,NULL,0,0,No Payout Yet
349,28,Malta,EUR,0.2385,473689,473689,04.11.18,04.11.19,0,0,Repaid
350,740,Spain,EUR,0.2216,479472,479472,NULL,NULL,0,0,No Payout Yet
351,758,Germany,EUR,0.2302,79071,79071,NULL,NULL,0,0,No Payout Yet
352,48,Germany,EUR,0.2476,394122,394122,12.01.19,12.01.20,0,0,Repaid
353,568,Germany,EUR,0.1515,214188,214188,NULL,NULL,0,0,No Payout Yet
354,491,Germany,EUR,0.1626,448990,448990,01.06.21,01.06.22,-448990,-448990,Current
355,533,Germany,EUR,0.2438,21786,21786,NULL,NULL,0,0,No Payout Yet
356,69,Germany,EUR,0.2852,375130,375130,04.03.19,04.03.20,0,0,Repaid
357,120,Austria,EUR,0.1869,440673,440673,30.08.19,30.08.20,0,0,Repaid
358,353,Germany,EUR,0.2388,74073,74073,08.01.21,08.01.22,0,0,Repaid
359,517,Germany,EUR,0.2359,472342,472342,18.06.21,18.06.22,-472342,-472342,Current
360,578,Germany,EUR,0.2598,78063,78063,16.07.21,16.07.22,-78063,-78063,Current
361,562,Germany,EUR,0.1584,386186,386186,NULL,NULL,0,0,No Payout Yet
362,687,England,GBP,0.1964,441066,512165.84,NULL,NULL,0,0,No Payout Yet
363,320,Germany,EUR,0.2818,92638,92638,07.10.20,07.10.21,0,0,Repaid
364,356,England,GBP,0.1912,322887,374936.38,21.01.21,21.01.22,-187468.19,-187468.19,Current
365,341,Germany,EUR,0.1703,317408,317408,17.12.20,17.12.21,0,0,Repaid
366,962,Germany,EUR,0.2292,59026,59026,NULL,NULL,0,0,No Payout Yet
367,26,Germany,EUR,0.2285,30730,30730,24.12.18,24.12.19,0,0,Repaid
368,449,Germany,EUR,0.2139,225160,225160,21.05.21,21.05.22,-225160,-225160,Current
369,969,Portugal,EUR,0.205,496757,496757,NULL,NULL,0,0,No Payout Yet
370,400,Spain,EUR,0.2315,338871,338871,23.04.21,23.04.22,-338871,-338871,Current
371,416,Germany,EUR,0.1782,453220,453220,05.05.21,05.05.22,-453220,-453220,Current
372,167,Germany,EUR,0.2002,274661,274661,20.11.19,20.11.20,0,0,Repaid
373,831,Germany,EUR,0.2597,445584,445584,NULL,NULL,0,0,No Payout Yet
374,567,Germany,EUR,0.2871,117639,117639,20.07.21,20.07.22,-117639,-117639,Current
375,550,Italy,EUR,0.2403,396154,396154,NULL,NULL,0,0,No Payout Yet
376,981,Germany,EUR,0.2685,442167,442167,NULL,NULL,0,0,No Payout Yet
377,537,England,GBP,0.2644,46550,54053.86,NULL,NULL,0,0,No Payout Yet
378,403,England,GBP,0.2827,478641,555797.93,26.02.21,26.02.22,-555797.93,-555797.93,Current
379,66,Germany,EUR,0.1568,269420,269420,07.02.19,07.02.20,0,0,Repaid
380,691,Germany,EUR,0.2124,149423,149423,NULL,NULL,0,0,No Payout Yet
381,439,Austria,EUR,0.1924,471180,471180,09.06.21,09.06.22,-471180,-471180,Current
382,143,Austria,EUR,0.276,393711,393711,12.09.19,12.09.20,0,0,Repaid
383,801,Germany,EUR,0.2658,429568,429568,NULL,NULL,0,0,No Payout Yet
384,688,Spain,EUR,0.2707,115943,115943,NULL,NULL,0,0,No Payout Yet
385,853,Germany,EUR,0.265,85539,85539,NULL,NULL,0,0,No Payout Yet
386,39,Germany,EUR,0.2673,251622,251622,24.01.19,24.01.20,0,0,Repaid
387,409,Malta,EUR,0.2353,369289,369289,19.05.21,19.05.22,-184644.5,-184644.5,Current
388,170,Germany,EUR,0.206,32540,32540,23.01.20,23.01.21,0,0,Repaid
389,546,Germany,EUR,0.2173,69870,69870,NULL,NULL,0,0,No Payout Yet
390,736,Germany,EUR,0.1942,366823,366823,NULL,NULL,0,0,No Payout Yet
391,674,England,GBP,0.1784,424708,493170.93,NULL,NULL,0,0,No Payout Yet
392,586,Germany,EUR,0.2997,482249,482249,14.07.21,14.07.22,-482249,-482249,Current
393,814,Portugal,EUR,0.2025,81478,81478,NULL,NULL,0,0,No Payout Yet
394,686,Malta,EUR,0.2257,305910,305910,NULL,NULL,0,0,No Payout Yet
395,915,Austria,EUR,0.1919,368003,368003,NULL,NULL,0,0,No Payout Yet
396,812,Germany,EUR,0.2821,45504,45504,NULL,NULL,0,0,No Payout Yet
397,3,Malta,EUR,0.2477,422421,422421,01.09.18,01.09.19,0,0,Repaid
398,947,Germany,EUR,0.1841,288781,288781,NULL,NULL,0,0,No Payout Yet
399,49,Austria,EUR,0.1964,10867,10867,11.02.19,11.02.20,0,0,Repaid
400,477,Austria,EUR,0.1871,385778,385778,30.05.21,30.05.22,-385778,-385778,Current
401,289,Portugal,EUR,0.2887,157404,157404,22.08.20,22.08.21,0,0,Repaid
402,922,England,GBP,0.1868,30411,35313.25,NULL,NULL,0,0,No Payout Yet
403,742,Germany,EUR,0.2153,99401,99401,NULL,NULL,0,0,No Payout Yet
404,364,Germany,EUR,0.2415,231906,231906,02.02.21,02.02.22,-231906,-231906,Current
405,137,Germany,EUR,0.2402,79661,79661,30.09.19,30.09.20,0,0,Repaid
406,608,Austria,EUR,0.2686,165795,165795,NULL,NULL,0,0,No Payout Yet
407,198,Germany,EUR,0.1783,428137,428137,23.02.20,23.02.21,0,0,Repaid
408,914,Germany,EUR,0.2088,84201,84201,NULL,NULL,0,0,No Payout Yet
409,735,Germany,EUR,0.1703,57620,57620,NULL,NULL,0,0,No Payout Yet
410,942,Germany,EUR,0.2942,494226,494226,NULL,NULL,0,0,No Payout Yet
411,190,Austria,EUR,0.2961,371827,371827,11.02.20,11.02.21,-185913.5,0,Recovered
412,108,Austria,EUR,0.2982,479171,479171,17.03.19,17.03.20,0,0,Repaid
413,832,Austria,EUR,0.2982,382228,382228,NULL,NULL,0,0,No Payout Yet
414,751,Germany,EUR,0.1549,493782,493782,NULL,NULL,0,0,No Payout Yet
415,717,Germany,EUR,0.1873,345104,345104,NULL,NULL,0,0,No Payout Yet
416,592,Germany,EUR,0.2618,50026,50026,11.07.21,11.07.22,-50026,-50026,Current
417,470,Germany,EUR,0.226,212891,212891,26.07.21,26.07.22,-212891,-212891,Current
418,985,Germany,EUR,0.1512,490844,490844,NULL,NULL,0,0,No Payout Yet
419,390,Germany,EUR,0.2711,72576,72576,11.04.21,11.04.22,-72576,-72576,Current
420,900,Germany,EUR,0.2783,234511,234511,NULL,NULL,0,0,No Payout Yet
421,306,Germany,EUR,0.1948,41871,41871,10.09.20,10.09.21,0,0,Repaid
422,990,Italy,EUR,0.2861,207471,207471,NULL,NULL,0,0,No Payout Yet
423,548,Germany,EUR,0.2201,86949,86949,NULL,NULL,0,0,No Payout Yet
424,628,Germany,EUR,0.2137,108754,108754,NULL,NULL,0,0,No Payout Yet
425,7,Austria,EUR,0.2807,71733,71733,09.11.18,09.11.19,0,0,Repaid
426,748,Germany,EUR,0.233,389585,389585,NULL,NULL,0,0,No Payout Yet
427,86,England,GBP,0.2766,332833,386485.68,16.02.19,16.02.20,0,0,Repaid
428,223,Germany,EUR,0.214,365607,365607,05.06.20,05.06.21,0,0,Repaid
429,57,Germany,EUR,0.1791,146023,146023,24.12.18,24.12.19,-73011.5,0,Recovered
430,760,Germany,EUR,0.2529,418369,418369,NULL,NULL,0,0,No Payout Yet
431,512,France,EUR,0.2345,11883,11883,NULL,NULL,0,0,No Payout Yet
432,84,Germany,EUR,0.1733,36727,36727,06.04.19,06.04.20,0,0,Repaid
433,398,Austria,EUR,0.2333,206108,206108,27.02.21,27.02.22,-123664.8,-123664.8,Current
434,898,Germany,EUR,0.2174,304449,304449,NULL,NULL,0,0,No Payout Yet
435,744,England,GBP,0.2437,151004,175345.84,NULL,NULL,0,0,No Payout Yet
436,770,Germany,EUR,0.2217,281959,281959,NULL,NULL,0,0,No Payout Yet
437,322,Italy,EUR,0.2342,261539,261539,31.10.20,31.10.21,-261539,-261539,Current
438,637,Austria,EUR,0.1861,405811,405811,NULL,NULL,0,0,No Payout Yet
439,799,Austria,EUR,0.1868,115525,115525,NULL,NULL,0,0,No Payout Yet
440,913,Malta,EUR,0.2024,431851,431851,NULL,NULL,0,0,No Payout Yet
441,201,England,GBP,0.2885,380287,441589.26,20.03.20,20.03.21,0.02,0.02,Repaid (Overpaid - Rounding)
442,316,Germany,EUR,0.2499,288056,288056,27.09.20,27.09.21,-192037.33,-192037.33,Current
443,41,Germany,EUR,0.1865,223822,223822,26.12.18,26.12.19,0,0,Repaid
444,803,Germany,EUR,0.2721,89440,89440,NULL,NULL,0,0,No Payout Yet
445,642,Germany,EUR,0.198,150341,150341,NULL,NULL,0,0,No Payout Yet
446,80,England,GBP,0.2957,294412,341871.21,13.03.19,13.03.20,0,0,Repaid
447,940,Germany,EUR,0.1618,323593,323593,NULL,NULL,0,0,No Payout Yet
448,974,Germany,EUR,0.2907,99406,99406,NULL,NULL,0,0,No Payout Yet
449,462,Portugal,EUR,0.2612,484933,484933,29.06.21,29.06.22,-242466.5,-242466.5,Current
450,376,Malta,EUR,0.1707,233988,233988,14.03.21,14.03.22,-116994,-116994,Current
451,192,England,GBP,0.2354,325908,378444.37,09.02.20,09.02.21,-0.02,-0.02,Default
452,575,Austria,EUR,0.2477,68806,68806,NULL,NULL,0,0,No Payout Yet
453,496,Spain,EUR,0.2156,499512,499512,NULL,NULL,0,0,No Payout Yet
454,18,Germany,EUR,0.2621,401257,401257,28.09.18,28.09.19,-321005.6,-240754.2,Default
455,598,Germany,EUR,0.278,126305,126305,18.07.21,18.07.22,-84203.33,-84203.33,Current
456,634,Germany,EUR,0.2929,108390,108390,NULL,NULL,0,0,No Payout Yet
457,927,Italy,EUR,0.1924,283449,283449,NULL,NULL,0,0,No Payout Yet
458,395,Germany,EUR,0.2152,240519,240519,21.03.21,21.03.22,-160346,-160346,Current
459,365,Germany,EUR,0.2986,246997,246997,10.02.21,10.02.22,-185247.75,-185247.75,Current
460,8,Spain,EUR,0.2357,303393,303393,27.09.18,27.09.19,0,0,Repaid
461,672,Portugal,EUR,0.2765,270883,270883,NULL,NULL,0,0,No Payout Yet
462,294,Germany,EUR,0.2252,237447,237447,21.10.20,21.10.21,-237447,-237447,Current
463,746,Austria,EUR,0.2571,15473,15473,NULL,NULL,0,0,No Payout Yet
464,728,Germany,EUR,0.1824,144006,144006,NULL,NULL,0,0,No Payout Yet
465,16,Germany,EUR,0.246,150180,150180,25.11.18,25.11.19,0,0,Repaid
466,738,Germany,EUR,0.2628,161144,161144,NULL,NULL,0,0,No Payout Yet
467,589,Germany,EUR,0.2648,278256,278256,25.07.21,25.07.22,-278256,-278256,Current
468,380,Germany,EUR,0.2355,278416,278416,20.04.21,20.04.22,-222732.8,-222732.8,Current
469,455,France,EUR,0.1827,379025,379025,03.05.21,03.05.22,-379025,-379025,Current
470,665,Germany,EUR,0.2854,72154,72154,NULL,NULL,0,0,No Payout Yet
471,357,Germany,EUR,0.1804,361937,361937,27.03.21,27.03.22,-180968.5,-180968.5,Current
472,77,Germany,EUR,0.2559,405941,405941,19.04.19,19.04.20,-81188.2,0,Recovered
473,842,England,GBP,0.2004,257434,298932.36,NULL,NULL,0,0,No Payout Yet
474,366,Germany,EUR,0.2567,463868,463868,19.01.21,19.01.22,-154622.66,-154622.66,Current
475,379,Austria,EUR,0.2307,243824,243824,27.02.21,27.02.22,-243824,-243824,Current
476,668,Germany,EUR,0.2655,154443,154443,NULL,NULL,0,0,No Payout Yet
477,615,Austria,EUR,0.2121,234954,234954,27.07.21,27.07.22,-234954,-234954,Current
478,626,Germany,EUR,0.2513,335221,335221,30.07.21,30.07.22,-335221,-335221,Current
479,375,Spain,EUR,0.1529,134481,134481,13.03.21,13.03.22,-134481,-134481,Current
480,67,Germany,EUR,0.1514,403865,403865,17.01.19,17.01.20,0,0,Repaid
481,169,Germany,EUR,0.2022,407065,407065,20.02.20,20.02.21,-325652,-325652,Default
482,315,England,GBP,0.2201,301810,350461.77,30.09.20,30.09.21,0.01,0.01,Repaid (Overpaid - Rounding)
483,558,Austria,EUR,0.1971,238954,238954,10.07.21,10.07.22,-238954,-238954,Current
484,90,Germany,EUR,0.2254,187833,187833,22.02.19,22.02.20,-150266.4,-112699.8,Default
485,635,Germany,EUR,0.2523,366289,366289,NULL,NULL,0,0,No Payout Yet
486,98,Germany,EUR,0.1697,381071,381071,28.02.19,28.02.20,-381071,-381071,Default
487,408,France,EUR,0.273,131145,131145,01.04.21,01.04.22,-131145,-131145,Current
488,655,Portugal,EUR,0.1875,247692,247692,NULL,NULL,0,0,No Payout Yet
489,45,England,GBP,0.2385,317784,369010.78,24.01.19,24.01.20,0,0,Repaid
490,218,Germany,EUR,0.2354,113983,113983,09.04.20,09.04.21,0,0,Repaid
491,422,Germany,EUR,0.1553,227322,227322,05.05.21,05.05.22,-45464.4,-45464.4,Current
492,720,Germany,EUR,0.1769,471143,471143,NULL,NULL,0,0,No Payout Yet
493,145,Germany,EUR,0.1769,117220,117220,01.09.19,01.09.20,0,0,Repaid
494,37,Austria,EUR,0.2613,352016,352016,16.02.19,16.02.20,0,0,Repaid
495,662,Austria,EUR,0.2213,284091,284091,NULL,NULL,0,0,No Payout Yet
496,4,Austria,EUR,0.2379,438466,438466,16.10.18,16.10.19,-438466,0,Recovered
497,405,France,EUR,0.1627,274160,274160,18.03.21,18.03.22,-219328,-219328,Current
498,111,England,GBP,0.2345,328536,381496,06.05.19,06.05.20,0,0,Repaid
499,173,Germany,EUR,0.1996,35650,35650,31.12.19,31.12.20,0,0,Repaid
500,497,Germany,EUR,0.1789,165972,165972,26.06.21,26.06.22,-165972,-165972,Current
501,324,England,GBP,0.2763,467467,542822.68,15.09.20,15.09.21,-0.01,-0.01,Current
502,158,Austria,EUR,0.1851,25663,25663,07.01.20,07.01.21,0,0,Repaid
503,934,France,EUR,0.2519,264557,264557,NULL,NULL,0,0,No Payout Yet
504,978,Austria,EUR,0.2243,322388,322388,NULL,NULL,0,0,No Payout Yet
505,276,Germany,EUR,0.2268,401539,401539,10.07.20,10.07.21,-100384.75,-100384.75,Default
506,833,England,GBP,0.2522,190675,221411.81,NULL,NULL,0,0,No Payout Yet
507,335,Germany,EUR,0.2833,468399,468399,06.11.20,06.11.21,-468399,-468399,Current
508,452,England,GBP,0.2586,249946,290237.3,03.07.21,03.07.22,-290237.3,-290237.3,Current
509,74,Austria,EUR,0.1911,21323,21323,22.04.19,22.04.20,0,0,Repaid
510,46,Germany,EUR,0.2351,91170,91170,15.02.19,15.02.20,0,0,Repaid
511,330,Austria,EUR,0.1709,213958,213958,15.11.20,15.11.21,-71319.34,-71319.34,Current
512,501,Germany,EUR,0.2911,494391,494391,30.07.21,30.07.22,-494391,-494391,Current
513,278,Germany,EUR,0.1908,24696,24696,28.07.20,28.07.21,0,0,Repaid
514,572,Germany,EUR,0.2781,322015,322015,NULL,NULL,0,0,No Payout Yet
515,670,Germany,EUR,0.1542,466869,466869,NULL,NULL,0,0,No Payout Yet
516,347,Germany,EUR,0.201,147910,147910,03.03.21,03.03.22,-147910,-147910,Current
517,386,Malta,EUR,0.2397,90597,90597,20.02.21,20.02.22,-45298.5,-45298.5,Current
518,82,Austria,EUR,0.1908,229884,229884,07.04.19,07.04.20,0,0,Repaid
519,317,England,GBP,0.1802,286345,332503.81,24.11.20,24.11.21,-221669.21,-221669.21,Current
520,804,Spain,EUR,0.2156,491625,491625,NULL,NULL,0,0,No Payout Yet
521,407,Portugal,EUR,0.1598,204606,204606,27.03.21,27.03.22,-40921.2,-40921.2,Current
522,392,Portugal,EUR,0.2528,452350,452350,25.04.21,25.04.22,-452350,-452350,Current
523,196,Italy,EUR,0.1657,467777,467777,15.04.20,15.04.21,0,0,Repaid
524,673,Germany,EUR,0.1877,73818,73818,NULL,NULL,0,0,No Payout Yet
525,443,Germany,EUR,0.1642,65277,65277,23.05.21,23.05.22,-65277,-65277,Current
526,509,Austria,EUR,0.2865,240523,240523,24.07.21,24.07.22,-240523,-240523,Current
527,829,England,GBP,0.2238,146906,170587.25,NULL,NULL,0,0,No Payout Yet
528,389,England,GBP,0.2208,145657,169136.91,01.03.21,01.03.22,-126852.68,-126852.68,Current
529,208,England,GBP,0.2149,288732,335275.6,29.02.20,28.02.21,-83818.9,0,Recovered
530,12,Germany,EUR,0.2209,322650,322650,06.10.18,06.10.19,0,0,Repaid
531,528,Germany,EUR,0.2671,81471,81471,NULL,NULL,0,0,No Payout Yet
532,106,Spain,EUR,0.2646,363208,363208,09.04.19,09.04.20,-0.01,-0.01,Default
533,140,France,EUR,0.2687,379352,379352,14.09.19,14.09.20,0,0,Repaid
534,34,Italy,EUR,0.2996,398266,398266,05.12.18,05.12.19,-0.01,-0.01,Default
535,135,Austria,EUR,0.181,91643,91643,30.08.19,30.08.20,0,0,Repaid
536,885,Germany,EUR,0.2042,219538,219538,NULL,NULL,0,0,No Payout Yet
537,713,Italy,EUR,0.1816,374857,374857,NULL,NULL,0,0,No Payout Yet
538,613,Spain,EUR,0.1901,374932,374932,15.07.21,15.07.22,-374932,-374932,Current
539,678,Malta,EUR,0.2217,360246,360246,NULL,NULL,0,0,No Payout Yet
540,906,Austria,EUR,0.1754,209316,209316,NULL,NULL,0,0,No Payout Yet
541,75,England,GBP,0.1856,128222,148891.39,21.03.19,21.03.20,0,0,Repaid
542,816,Germany,EUR,0.296,338315,338315,NULL,NULL,0,0,No Payout Yet
543,815,Spain,EUR,0.2824,262042,262042,NULL,NULL,0,0,No Payout Yet
544,676,Germany,EUR,0.2198,42161,42161,NULL,NULL,0,0,No Payout Yet
545,702,Austria,EUR,0.1527,221457,221457,NULL,NULL,0,0,No Payout Yet
546,147,Germany,EUR,0.2595,37706,37706,21.09.19,21.09.20,0,0,Repaid
547,710,Germany,EUR,0.1515,251857,251857,NULL,NULL,0,0,No Payout Yet
548,581,Portugal,EUR,0.1784,467344,467344,NULL,NULL,0,0,No Payout Yet
549,243,Germany,EUR,0.2408,441060,441060,14.07.20,14.07.21,0,0,Repaid
550,515,England,GBP,0.1891,435658,505886.07,NULL,NULL,0,0,No Payout Yet
551,394,Germany,EUR,0.15,82506,82506,26.02.21,26.02.22,0,0,Repaid
552,62,Austria,EUR,0.1595,358631,358631,17.03.19,17.03.20,0.01,0.01,Repaid (Overpaid - Rounding)
553,786,Germany,EUR,0.2759,369378,369378,NULL,NULL,0,0,No Payout Yet
554,96,Germany,EUR,0.1784,345617,345617,01.04.19,01.04.20,0.01,0.01,Repaid (Overpaid - Rounding)
555,624,England,GBP,0.2166,173245,201172.09,NULL,NULL,0,0,No Payout Yet
556,461,Austria,EUR,0.2723,262343,262343,23.07.21,23.07.22,-262343,-262343,Current
557,904,Germany,EUR,0.213,178321,178321,NULL,NULL,0,0,No Payout Yet
558,918,France,EUR,0.185,120560,120560,NULL,NULL,0,0,No Payout Yet
559,762,Germany,EUR,0.1993,165407,165407,NULL,NULL,0,0,No Payout Yet
560,911,Italy,EUR,0.1625,406173,406173,NULL,NULL,0,0,No Payout Yet
561,648,Malta,EUR,0.2654,251266,251266,NULL,NULL,0,0,No Payout Yet
562,845,Germany,EUR,0.1919,43547,43547,NULL,NULL,0,0,No Payout Yet
563,14,Austria,EUR,0.2851,450962,450962,29.11.18,29.11.19,0.01,0.01,Repaid (Overpaid - Rounding)
564,436,Italy,EUR,0.1759,98780,98780,19.06.21,19.06.22,-98780,-98780,Current
565,506,Germany,EUR,0.263,63339,63339,NULL,NULL,0,0,No Payout Yet
566,855,Austria,EUR,0.1953,375277,375277,NULL,NULL,0,0,No Payout Yet
567,675,Germany,EUR,0.2377,401949,401949,NULL,NULL,0,0,No Payout Yet
568,806,Germany,EUR,0.2024,103169,103169,NULL,NULL,0,0,No Payout Yet
569,255,Germany,EUR,0.1766,100633,100633,20.07.20,20.07.21,-100633,-100633,Default
570,819,England,GBP,0.2847,397646,461746.54,NULL,NULL,0,0,No Payout Yet
571,65,Italy,EUR,0.2263,108394,108394,14.02.19,14.02.20,0,0,Repaid
572,513,Austria,EUR,0.2138,313861,313861,04.07.21,04.07.22,-156930.5,-156930.5,Current
573,902,Germany,EUR,0.1581,488433,488433,NULL,NULL,0,0,No Payout Yet
574,643,Germany,EUR,0.238,305375,305375,29.07.21,29.07.22,-305375,-305375,Current
575,280,England,GBP,0.2375,325527,378001.95,23.09.20,23.09.21,-378001.95,-378001.95,Current
576,707,England,GBP,0.2951,291209,338151.89,NULL,NULL,0,0,No Payout Yet
577,639,Portugal,EUR,0.2396,86367,86367,NULL,NULL,0,0,No Payout Yet
578,13,France,EUR,0.2355,11590,11590,01.10.18,01.10.19,-0.01,-0.01,Default
579,931,Germany,EUR,0.2081,238200,238200,NULL,NULL,0,0,No Payout Yet
580,226,Austria,EUR,0.2761,349323,349323,17.05.20,17.05.21,0,0,Repaid
581,256,Germany,EUR,0.2343,102285,102285,15.05.20,15.05.21,0,0,Repaid
582,415,Germany,EUR,0.1629,30970,30970,01.04.21,01.04.22,-30970,-30970,Current
583,535,England,GBP,0.2284,432336,502028.56,03.07.21,03.07.22,-502028.56,-502028.56,Current
584,112,Spain,EUR,0.2309,156087,156087,11.05.19,11.05.20,0,0,Repaid
585,656,Malta,EUR,0.225,184571,184571,NULL,NULL,0,0,No Payout Yet
586,441,Germany,EUR,0.2424,404506,404506,01.05.21,01.05.22,-404506,-404506,Current
587,381,Spain,EUR,0.1567,244168,244168,20.04.21,20.04.22,-183126,-183126,Current
588,440,Germany,EUR,0.1809,458970,458970,12.05.21,12.05.22,-152990,-152990,Current
589,766,Austria,EUR,0.1839,74453,74453,NULL,NULL,0,0,No Payout Yet
590,731,Austria,EUR,0.2433,46082,46082,NULL,NULL,0,0,No Payout Yet
591,938,Germany,EUR,0.1641,477975,477975,NULL,NULL,0,0,No Payout Yet
592,391,Germany,EUR,0.1907,379197,379197,26.02.21,26.02.22,0,0,Repaid
593,485,Germany,EUR,0.2963,165184,165184,30.05.21,30.05.22,-110122.67,-110122.67,Current
594,654,Germany,EUR,0.2142,30995,30995,NULL,NULL,0,0,No Payout Yet
595,304,Austria,EUR,0.2263,390635,390635,22.10.20,22.10.21,0.01,0.01,Repaid (Overpaid - Rounding)
596,399,Germany,EUR,0.1649,251625,251625,18.04.21,18.04.22,-251625,-251625,Current
597,952,Spain,EUR,0.2461,399324,399324,NULL,NULL,0,0,No Payout Yet
598,125,Italy,EUR,0.29,357739,357739,08.07.19,08.07.20,0,0,Repaid
599,219,Germany,EUR,0.2721,423231,423231,19.06.20,19.06.21,0,0,Repaid
600,249,Italy,EUR,0.2508,256545,256545,26.07.20,26.07.21,-256545,-256545,Default
601,474,Germany,EUR,0.2365,223253,223253,21.06.21,21.06.22,-167439.75,-167439.75,Current
602,451,Germany,EUR,0.2883,63810,63810,29.06.21,29.06.22,-63810,-63810,Current
603,426,Germany,EUR,0.2744,187071,187071,10.06.21,10.06.22,-124714,-124714,Current
604,574,Germany,EUR,0.2631,188518,188518,NULL,NULL,0,0,No Payout Yet
605,240,Germany,EUR,0.235,350783,350783,04.07.20,04.07.21,0,0,Repaid
606,541,Germany,EUR,0.1655,412090,412090,22.07.21,22.07.22,-412090,-412090,Current
607,679,Germany,EUR,0.2182,272188,272188,NULL,NULL,0,0,No Payout Yet
608,807,Italy,EUR,0.2864,194540,194540,NULL,NULL,0,0,No Payout Yet
609,775,Germany,EUR,0.1562,248070,248070,NULL,NULL,0,0,No Payout Yet
610,434,Austria,EUR,0.2587,387855,387855,26.03.21,26.03.22,-387855,-387855,Current
611,164,Austria,EUR,0.2921,449125,449125,19.12.19,19.12.20,-0.01,-0.01,Default
612,225,France,EUR,0.2744,121330,121330,02.07.20,02.07.21,-60665,-60665,Default
613,704,Austria,EUR,0.1702,493309,493309,NULL,NULL,0,0,No Payout Yet
614,268,Austria,EUR,0.261,349344,349344,13.08.20,13.08.21,0,0,Repaid
615,595,France,EUR,0.1917,482480,482480,NULL,NULL,0,0,No Payout Yet
616,580,Germany,EUR,0.2919,399393,399393,NULL,NULL,0,0,No Payout Yet
617,808,France,EUR,0.2144,411541,411541,NULL,NULL,0,0,No Payout Yet
618,843,France,EUR,0.2932,454225,454225,NULL,NULL,0,0,No Payout Yet
619,753,Germany,EUR,0.1968,476232,476232,NULL,NULL,0,0,No Payout Yet
620,172,England,GBP,0.2159,479777,557117.05,04.03.20,04.03.21,0.01,0.01,Repaid (Overpaid - Rounding)
621,587,Germany,EUR,0.2726,143236,143236,NULL,NULL,0,0,No Payout Yet
622,250,Italy,EUR,0.2919,480635,480635,27.05.20,27.05.21,0.01,0.01,Repaid (Overpaid - Rounding)
623,254,Austria,EUR,0.2134,299396,299396,06.06.20,06.06.21,-149698,-74849,Default
624,944,Austria,EUR,0.2582,260251,260251,NULL,NULL,0,0,No Payout Yet
625,217,Germany,EUR,0.2484,338637,338637,19.04.20,19.04.21,0,0,Repaid
626,797,Austria,EUR,0.2614,46652,46652,NULL,NULL,0,0,No Payout Yet
627,97,Germany,EUR,0.2078,377708,377708,15.05.19,15.05.20,0.01,0.01,Repaid (Overpaid - Rounding)
628,116,Germany,EUR,0.2451,108807,108807,25.07.19,25.07.20,0,0,Repaid
629,777,England,GBP,0.2667,21891,25419.83,NULL,NULL,0,0,No Payout Yet
630,623,Italy,EUR,0.2237,244662,244662,NULL,NULL,0,0,No Payout Yet
631,139,Germany,EUR,0.286,119778,119778,22.08.19,22.08.20,0,0,Repaid
632,450,Germany,EUR,0.2611,291485,291485,18.06.21,18.06.22,-291485,-291485,Current
633,373,Portugal,EUR,0.2883,36198,36198,04.03.21,04.03.22,0,0,Repaid
634,152,Germany,EUR,0.2386,119019,119019,30.12.19,30.12.20,-71411.4,-23803.8,Default
635,114,England,GBP,0.1607,289306,335942.13,29.05.19,29.05.20,0,0,Repaid
636,296,Germany,EUR,0.2662,96440,96440,13.08.20,13.08.21,0,0,Repaid
637,300,Malta,EUR,0.189,493216,493216,26.10.20,26.10.21,-246608,-246608,Current
638,933,England,GBP,0.1799,160549,186429.5,NULL,NULL,0,0,No Payout Yet
639,288,Spain,EUR,0.2053,266469,266469,21.07.20,21.07.21,-266469,-266469,Default
640,818,Austria,EUR,0.1846,18490,18490,NULL,NULL,0,0,No Payout Yet
641,559,Austria,EUR,0.2586,402739,402739,NULL,NULL,0,0,No Payout Yet
642,127,Germany,EUR,0.1536,53542,53542,26.08.19,26.08.20,-0.01,-0.01,Default
643,892,England,GBP,0.2455,436951,507387.5,NULL,NULL,0,0,No Payout Yet
644,622,Austria,EUR,0.2856,54039,54039,NULL,NULL,0,0,No Payout Yet
645,916,Germany,EUR,0.2079,499183,499183,NULL,NULL,0,0,No Payout Yet
646,671,Malta,EUR,0.2958,320604,320604,NULL,NULL,0,0,No Payout Yet
647,122,Austria,EUR,0.2011,378911,378911,16.09.19,16.09.20,0,0,Repaid
648,827,Malta,EUR,0.2534,493331,493331,NULL,NULL,0,0,No Payout Yet
649,856,Germany,EUR,0.2953,331597,331597,NULL,NULL,0,0,No Payout Yet
650,796,England,GBP,0.2678,112331,130438.76,NULL,NULL,0,0,No Payout Yet
651,371,Germany,EUR,0.2921,33404,33404,10.03.21,10.03.22,-33404,-33404,Current
652,382,Germany,EUR,0.1817,415818,415818,05.03.21,05.03.22,-207909,-207909,Current
653,102,Germany,EUR,0.2933,396929,396929,30.03.19,30.03.20,0,0,Repaid
654,115,Austria,EUR,0.2539,375573,375573,19.05.19,19.05.20,0,0,Repaid
655,161,Portugal,EUR,0.2972,69557,69557,08.11.19,08.11.20,0,0,Repaid
656,277,Germany,EUR,0.2998,392190,392190,13.07.20,13.07.21,0,0,Repaid
657,387,Austria,EUR,0.1788,472714,472714,28.03.21,28.03.22,-189085.6,-189085.6,Current
658,726,Germany,EUR,0.2628,321604,321604,NULL,NULL,0,0,No Payout Yet
659,696,Germany,EUR,0.1666,155346,155346,NULL,NULL,0,0,No Payout Yet
660,348,England,GBP,0.2188,374023,434315.51,12.01.21,12.01.22,-0.01,-0.01,Current
661,73,Germany,EUR,0.2793,487638,487638,16.04.19,16.04.20,0,0,Repaid
662,787,Germany,EUR,0.2489,333871,333871,NULL,NULL,0,0,No Payout Yet
663,723,Germany,EUR,0.2161,457419,457419,NULL,NULL,0,0,No Payout Yet
664,446,Austria,EUR,0.2234,259985,259985,15.05.21,15.05.22,-129992.5,-129992.5,Current
665,822,Austria,EUR,0.2646,306474,306474,NULL,NULL,0,0,No Payout Yet
666,620,Germany,EUR,0.2916,285724,285724,NULL,NULL,0,0,No Payout Yet
667,883,Austria,EUR,0.2605,89333,89333,NULL,NULL,0,0,No Payout Yet
668,579,Germany,EUR,0.1517,397369,397369,NULL,NULL,0,0,No Payout Yet
669,849,England,GBP,0.1538,142907,165943.61,NULL,NULL,0,0,No Payout Yet
670,29,Germany,EUR,0.1813,71706,71706,31.12.18,31.12.19,0,0,Repaid
671,221,Austria,EUR,0.2217,372068,372068,07.05.20,07.05.21,0,0,Repaid
672,520,Germany,EUR,0.264,186541,186541,NULL,NULL,0,0,No Payout Yet
673,342,Germany,EUR,0.2896,335600,335600,18.01.21,18.01.22,-83900,-83900,Current
674,903,Germany,EUR,0.2525,93279,93279,NULL,NULL,0,0,No Payout Yet
675,360,Germany,EUR,0.2528,292638,292638,03.04.21,03.04.22,0,0,Repaid
676,836,Germany,EUR,0.2827,443996,443996,NULL,NULL,0,0,No Payout Yet
677,871,Germany,EUR,0.1628,483906,483906,NULL,NULL,0,0,No Payout Yet
678,483,Portugal,EUR,0.2866,286615,286615,29.06.21,29.06.22,-286615,-286615,Current
679,532,Austria,EUR,0.2489,495026,495026,21.07.21,21.07.22,-495026,-495026,Current
680,246,Germany,EUR,0.2101,344504,344504,04.06.20,04.06.21,0.01,0.01,Repaid (Overpaid - Rounding)
681,204,Spain,EUR,0.2835,174780,174780,08.04.20,08.04.21,0,0,Repaid
682,1,Portugal,EUR,0.1782,104073,104073,09.11.18,09.11.19,0,0,Repaid
683,460,Germany,EUR,0.1941,296286,296286,02.06.21,02.06.22,-296286,-296286,Current
684,703,Germany,EUR,0.2003,394748,394748,NULL,NULL,0,0,No Payout Yet
685,431,England,GBP,0.2747,223090,259052.11,12.04.21,12.04.22,-0.01,-0.01,Current
686,632,Germany,EUR,0.2527,398119,398119,NULL,NULL,0,0,No Payout Yet
687,88,France,EUR,0.15,470658,470658,18.04.19,18.04.20,0,0,Repaid
688,155,Austria,EUR,0.206,261842,261842,22.11.19,22.11.20,-261842,-261842,Default
689,144,England,GBP,0.1613,40731,47296.84,28.08.19,28.08.20,-0.01,-0.01,Default
690,499,Germany,EUR,0.1636,436358,436358,NULL,NULL,0,0,No Payout Yet
691,404,Germany,EUR,0.2846,99845,99845,19.03.21,19.03.22,0.01,0.01,Repaid (Overpaid - Rounding)
692,557,Austria,EUR,0.1872,316191,316191,NULL,NULL,0,0,No Payout Yet
693,869,France,EUR,0.2058,457089,457089,NULL,NULL,0,0,No Payout Yet
694,81,Spain,EUR,0.2855,246269,246269,23.02.19,23.02.20,0,0,Repaid
695,154,Germany,EUR,0.1737,332098,332098,14.10.19,14.10.20,-0.01,-0.01,Default
696,332,England,GBP,0.1745,259133,300905.24,18.12.20,18.12.21,-100301.74,-100301.74,Current
697,412,Germany,EUR,0.204,485294,485294,09.03.21,09.03.22,0.01,0.01,Repaid (Overpaid - Rounding)
698,602,Austria,EUR,0.2968,211972,211972,NULL,NULL,0,0,No Payout Yet
699,175,England,GBP,0.2803,451664,524472.24,19.01.20,19.01.21,0,0,Repaid
700,372,Germany,EUR,0.2223,326390,326390,09.02.21,09.02.22,0,0,Repaid
701,457,Austria,EUR,0.1686,456544,456544,24.05.21,24.05.22,-456544,-456544,Current
702,621,Germany,EUR,0.196,437585,437585,NULL,NULL,0,0,No Payout Yet
703,43,Germany,EUR,0.1622,326630,326630,26.02.19,26.02.20,0,0,Repaid
704,789,Germany,EUR,0.2789,310607,310607,NULL,NULL,0,0,No Payout Yet
705,857,England,GBP,0.2395,451837,524673.12,NULL,NULL,0,0,No Payout Yet
706,136,Germany,EUR,0.2486,57858,57858,09.08.19,09.08.20,0,0,Repaid
707,554,England,GBP,0.2486,305232,354435.4,NULL,NULL,0,0,No Payout Yet
708,605,Germany,EUR,0.2009,324655,324655,NULL,NULL,0,0,No Payout Yet
709,784,France,EUR,0.218,455870,455870,NULL,NULL,0,0,No Payout Yet
710,658,Italy,EUR,0.155,479663,479663,NULL,NULL,0,0,No Payout Yet
711,840,Austria,EUR,0.2212,78553,78553,NULL,NULL,0,0,No Payout Yet
712,874,Germany,EUR,0.2606,52607,52607,NULL,NULL,0,0,No Payout Yet
713,425,Germany,EUR,0.2821,81789,81789,24.05.21,24.05.22,-32715.6,-32715.6,Current
714,690,Germany,EUR,0.2963,417667,417667,NULL,NULL,0,0,No Payout Yet
715,248,England,GBP,0.2452,409606,475634.49,07.07.20,07.07.21,0,0,Repaid
716,176,Germany,EUR,0.2794,234865,234865,29.12.19,29.12.20,-234865,-156576.67,Default
717,924,Germany,EUR,0.287,439768,439768,NULL,NULL,0,0,No Payout Yet
718,711,Germany,EUR,0.2051,206001,206001,NULL,NULL,0,0,No Payout Yet
719,52,Germany,EUR,0.2617,448577,448577,05.01.19,05.01.20,0,0,Repaid
720,979,Austria,EUR,0.2276,423042,423042,NULL,NULL,0,0,No Payout Yet
721,209,Austria,EUR,0.2479,477808,477808,02.03.20,02.03.21,-0.01,-0.01,Default
722,569,Austria,EUR,0.2176,341854,341854,NULL,NULL,0,0,No Payout Yet
723,917,Germany,EUR,0.1586,412302,412302,NULL,NULL,0,0,No Payout Yet
724,287,Germany,EUR,0.1863,274514,274514,20.07.20,20.07.21,0,0,Repaid
725,290,England,GBP,0.2812,264352,306965.54,14.09.20,14.09.21,-306965.54,-306965.54,Current
726,721,Germany,EUR,0.1572,455166,455166,NULL,NULL,0,0,No Payout Yet
727,994,Germany,EUR,0.1732,141080,141080,NULL,NULL,0,0,No Payout Yet
728,912,Austria,EUR,0.2266,479258,479258,NULL,NULL,0,0,No Payout Yet
729,745,Germany,EUR,0.2206,476706,476706,NULL,NULL,0,0,No Payout Yet
730,577,Austria,EUR,0.2863,350487,350487,30.07.21,30.07.22,-350487,-350487,Current
731,232,Austria,EUR,0.2211,275680,275680,07.07.20,07.07.21,0,0,Repaid
732,629,England,GBP,0.2938,233971,271687.13,NULL,NULL,0,0,No Payout Yet
733,325,England,GBP,0.266,357144,414715.61,13.09.20,13.09.21,-0.01,-0.01,Current
734,907,Germany,EUR,0.2607,272331,272331,NULL,NULL,0,0,No Payout Yet
735,741,Germany,EUR,0.2221,42635,42635,NULL,NULL,0,0,No Payout Yet
736,790,Germany,EUR,0.1752,277458,277458,NULL,NULL,0,0,No Payout Yet
737,205,Germany,EUR,0.2395,465190,465190,29.02.20,28.02.21,-465190,-465190,Default
738,210,Austria,EUR,0.2547,321467,321467,23.02.20,23.02.21,0,0,Repaid
739,103,England,GBP,0.1669,468197,543670.36,27.05.19,27.05.20,-543670.36,0,Recovered
740,314,Spain,EUR,0.1982,281354,281354,17.11.20,17.11.21,-187569.33,-187569.33,Current
741,733,Austria,EUR,0.1581,141798,141798,NULL,NULL,0,0,No Payout Yet
742,284,Spain,EUR,0.1787,135752,135752,22.08.20,22.08.21,0.01,0.01,Repaid (Overpaid - Rounding)
743,292,Austria,EUR,0.2235,323643,323643,12.08.20,12.08.21,0,0,Repaid
744,388,Germany,EUR,0.233,460170,460170,13.03.21,13.03.22,-460170,-460170,Current
745,274,Germany,EUR,0.2293,284983,284983,25.08.20,25.08.21,0,0,Repaid
746,953,Germany,EUR,0.2374,107038,107038,NULL,NULL,0,0,No Payout Yet
747,442,England,GBP,0.2022,201553,234043.34,26.04.21,26.04.22,-234043.34,-234043.34,Current
748,666,Malta,EUR,0.2879,107618,107618,NULL,NULL,0,0,No Payout Yet
749,418,Germany,EUR,0.2034,455219,455219,29.05.21,29.05.22,0,0,Repaid
750,478,Portugal,EUR,0.2704,316195,316195,15.07.21,15.07.22,-237146.25,-237146.25,Current
751,899,Portugal,EUR,0.239,40546,40546,NULL,NULL,0,0,No Payout Yet
752,410,Germany,EUR,0.2689,357773,357773,25.05.21,25.05.22,-357773,-357773,Current
753,961,Germany,EUR,0.2218,82130,82130,NULL,NULL,0,0,No Payout Yet
754,694,Austria,EUR,0.2322,292406,292406,NULL,NULL,0,0,No Payout Yet
755,937,Germany,EUR,0.2796,13930,13930,NULL,NULL,0,0,No Payout Yet
756,484,England,GBP,0.27,455991,529496.75,09.06.21,09.06.22,-529496.75,-529496.75,Current
757,638,France,EUR,0.287,91793,91793,NULL,NULL,0,0,No Payout Yet
758,522,Malta,EUR,0.2842,207876,207876,02.07.21,02.07.22,-207876,-207876,Current
759,866,England,GBP,0.2966,180188,209234.31,NULL,NULL,0,0,No Payout Yet
760,260,England,GBP,0.2307,348700,404910.44,07.08.20,07.08.21,-404910.44,-404910.44,Current
761,928,England,GBP,0.2943,248868,288985.52,NULL,NULL,0,0,No Payout Yet
762,328,Austria,EUR,0.2099,428273,428273,07.10.20,07.10.21,-428273,-428273,Current
763,113,Malta,EUR,0.1779,318968,318968,28.06.19,28.06.20,0,0,Repaid
764,50,Germany,EUR,0.2007,163854,163854,04.02.19,04.02.20,-163854,0,Recovered
765,493,England,GBP,0.2884,360314,418396.62,29.05.21,29.05.22,-0.02,-0.02,Current
766,427,Germany,EUR,0.2359,16296,16296,05.05.21,05.05.22,-13036.8,-13036.8,Current
767,573,Austria,EUR,0.1696,241533,241533,NULL,NULL,0,0,No Payout Yet
768,540,Germany,EUR,0.1504,284159,284159,22.07.21,22.07.22,-284159,-284159,Current
769,31,England,GBP,0.1796,475258,551869.59,11.01.19,11.01.20,0.01,0.01,Repaid (Overpaid - Rounding)
770,101,Spain,EUR,0.2943,432851,432851,11.04.19,11.04.20,0,0,Repaid
771,601,Germany,EUR,0.1697,254392,254392,NULL,NULL,0,0,No Payout Yet
772,519,Germany,EUR,0.1632,197249,197249,NULL,NULL,0,0,No Payout Yet
773,653,England,GBP,0.1577,117236,136134.44,29.07.21,29.07.22,-136134.44,-136134.44,Current
774,865,Portugal,EUR,0.2288,366530,366530,NULL,NULL,0,0,No Payout Yet
775,841,Italy,EUR,0.1754,430294,430294,NULL,NULL,0,0,No Payout Yet
776,810,Austria,EUR,0.2064,123884,123884,NULL,NULL,0,0,No Payout Yet
777,282,Portugal,EUR,0.2156,421810,421810,29.08.20,29.08.21,0,0,Repaid
778,309,Austria,EUR,0.1832,15782,15782,03.10.20,03.10.21,0.01,0.01,Repaid (Overpaid - Rounding)
779,544,Germany,EUR,0.2417,232338,232338,24.07.21,24.07.22,-232338,-232338,Current
780,197,Germany,EUR,0.2709,472308,472308,06.03.20,06.03.21,-354231,-354231,Default
781,566,Germany,EUR,0.2309,224213,224213,NULL,NULL,0,0,No Payout Yet
782,503,Germany,EUR,0.2986,474589,474589,NULL,NULL,0,0,No Payout Yet
783,682,Austria,EUR,0.2557,93670,93670,NULL,NULL,0,0,No Payout Yet
784,361,Germany,EUR,0.2826,414631,414631,21.03.21,21.03.22,-414631,-414631,Current
785,479,Germany,EUR,0.2242,129184,129184,17.06.21,17.06.22,-129184,-129184,Current
786,444,Spain,EUR,0.2018,21720,21720,24.06.21,24.06.22,-21720,-21720,Current
787,91,Germany,EUR,0.2613,180509,180509,19.04.19,19.04.20,0,0,Repaid
788,291,Spain,EUR,0.155,295055,295055,04.10.20,04.10.21,0,0,Repaid
789,36,Germany,EUR,0.2656,357769,357769,06.11.18,06.11.19,-0.01,-0.01,Default
790,302,Germany,EUR,0.1575,329780,329780,24.10.20,24.10.21,-131912,-131912,Current
791,884,Austria,EUR,0.2832,28570,28570,NULL,NULL,0,0,No Payout Yet
792,310,Germany,EUR,0.1662,285864,285864,10.11.20,10.11.21,-114345.6,-114345.6,Current
793,396,Malta,EUR,0.1742,493205,493205,19.05.21,19.05.22,0,0,Repaid
794,640,England,GBP,0.2546,413591,480261.87,NULL,NULL,0,0,No Payout Yet
795,2,Austria,EUR,0.2786,259508,259508,24.10.18,24.10.19,-103803.2,0,Recovered
796,677,Germany,EUR,0.2433,273665,273665,NULL,NULL,0,0,No Payout Yet
797,820,Germany,EUR,0.15,160519,160519,NULL,NULL,0,0,No Payout Yet
798,610,Germany,EUR,0.268,201112,201112,NULL,NULL,0,0,No Payout Yet
799,957,Germany,EUR,0.1947,225439,225439,NULL,NULL,0,0,No Payout Yet
800,992,Germany,EUR,0.2106,139050,139050,NULL,NULL,0,0,No Payout Yet
801,129,Malta,EUR,0.2176,117374,117374,25.07.19,25.07.20,-39124.66,0.01,Repaid (Overpaid - Rounding)
802,749,Austria,EUR,0.2965,308017,308017,NULL,NULL,0,0,No Payout Yet
803,270,Germany,EUR,0.1512,87561,87561,08.08.20,08.08.21,0,0,Repaid
804,545,France,EUR,0.231,320006,320006,15.07.21,15.07.22,-320006,-320006,Current
805,188,Germany,EUR,0.2066,336684,336684,15.02.20,15.02.21,0,0,Repaid
806,83,France,EUR,0.1805,422588,422588,24.03.19,24.03.20,0,0,Repaid
807,230,Austria,EUR,0.2806,230277,230277,15.06.20,15.06.21,0,0,Repaid
808,87,England,GBP,0.2084,112041,130102.01,27.02.19,27.02.20,-0.01,-0.01,Default
809,929,Germany,EUR,0.1827,275421,275421,NULL,NULL,0,0,No Payout Yet
810,800,Austria,EUR,0.2427,461819,461819,NULL,NULL,0,0,No Payout Yet
811,149,Malta,EUR,0.2073,92925,92925,13.09.19,13.09.20,0,0,Repaid
812,60,Germany,EUR,0.2097,201557,201557,04.03.19,04.03.20,0.01,0.01,Repaid (Overpaid - Rounding)
813,599,Portugal,EUR,0.2128,29393,29393,NULL,NULL,0,0,No Payout Yet
814,35,England,GBP,0.2837,318260,369563.51,28.12.18,28.12.19,-0.01,-0.01,Default
815,778,Germany,EUR,0.1808,257605,257605,NULL,NULL,0,0,No Payout Yet
816,119,Spain,EUR,0.2798,160187,160187,20.07.19,20.07.20,-80093.5,0,Recovered
817,890,Malta,EUR,0.2279,63867,63867,NULL,NULL,0,0,No Payout Yet
818,681,Germany,EUR,0.2055,75818,75818,NULL,NULL,0,0,No Payout Yet
819,298,Germany,EUR,0.1788,168770,168770,30.08.20,30.08.21,0,0,Repaid
820,10,England,GBP,0.2593,388116,450680.3,08.11.18,08.11.19,-450680.3,-338010.23,Default
821,168,Austria,EUR,0.1586,376044,376044,12.01.20,12.01.21,-300835.2,-300835.2,Default
822,895,Germany,EUR,0.2285,111323,111323,NULL,NULL,0,0,No Payout Yet
823,633,Germany,EUR,0.2838,276758,276758,NULL,NULL,0,0,No Payout Yet
824,489,England,GBP,0.2676,143946,167150.1,12.07.21,12.07.22,-167150.1,-167150.1,Current
825,162,Germany,EUR,0.1574,58455,58455,07.01.20,07.01.21,0,0,Repaid
826,878,France,EUR,0.2574,126247,126247,NULL,NULL,0,0,No Payout Yet
827,229,England,GBP,0.2217,131619,152835.98,02.07.20,02.07.21,0.02,0.02,Repaid (Overpaid - Rounding)
828,9,England,GBP,0.1773,128056,148698.63,09.10.18,09.10.19,-148698.63,-99132.42,Default
829,117,Austria,EUR,0.242,115024,115024,25.08.19,25.08.20,-0.01,-0.01,Default
830,996,Germany,EUR,0.1527,478805,478805,NULL,NULL,0,0,No Payout Yet
831,876,Germany,EUR,0.2524,293228,293228,NULL,NULL,0,0,No Payout Yet
832,769,Austria,EUR,0.2061,378012,378012,NULL,NULL,0,0,No Payout Yet
833,224,Germany,EUR,0.2306,308416,308416,23.06.20,23.06.21,-308416,-308416,Default
834,636,England,GBP,0.2536,265989,308866.43,NULL,NULL,0,0,No Payout Yet
835,435,Malta,EUR,0.2945,24575,24575,06.04.21,06.04.22,-24575,-24575,Current
836,466,Portugal,EUR,0.1645,350237,350237,19.06.21,19.06.22,-350237,-350237,Current
837,487,Spain,EUR,0.2504,488939,488939,27.05.21,27.05.22,0,0,Repaid
838,837,England,GBP,0.1767,155543,180616.53,NULL,NULL,0,0,No Payout Yet
839,148,Austria,EUR,0.2066,491913,491913,13.10.19,13.10.20,0,0,Repaid
840,936,Austria,EUR,0.2779,81987,81987,NULL,NULL,0,0,No Payout Yet
841,862,Germany,EUR,0.1643,29255,29255,NULL,NULL,0,0,No Payout Yet
842,943,England,GBP,0.1983,123754,143703.14,NULL,NULL,0,0,No Payout Yet
843,346,Germany,EUR,0.1908,167224,167224,11.02.21,11.02.22,-167224,-167224,Current
844,551,Germany,EUR,0.2737,420679,420679,NULL,NULL,0,0,No Payout Yet
845,32,Italy,EUR,0.1548,328524,328524,30.11.18,30.11.19,0,0,Repaid
846,847,Germany,EUR,0.1645,172347,172347,NULL,NULL,0,0,No Payout Yet
847,178,Germany,EUR,0.2212,42518,42518,23.12.19,23.12.20,-42518,-42518,Default
848,488,England,GBP,0.1651,195786,227346.7,03.06.21,03.06.22,-227346.7,-227346.7,Current
849,429,England,GBP,0.2132,118639,137763.61,20.03.21,20.03.22,0,0,Repaid
850,15,Italy,EUR,0.2198,469371,469371,17.09.18,17.09.19,-469371,-234685.5,Default
851,467,Germany,EUR,0.1591,52886,52886,10.05.21,10.05.22,-52886,-52886,Current
852,378,England,GBP,0.1976,256345,297667.81,04.03.21,04.03.22,-198445.21,-198445.21,Current
853,543,Germany,EUR,0.293,425973,425973,29.06.21,29.06.22,-425973,-425973,Current
854,785,England,GBP,0.2622,378616,439648.9,NULL,NULL,0,0,No Payout Yet
855,536,Germany,EUR,0.2876,198877,198877,NULL,NULL,0,0,No Payout Yet
856,948,Austria,EUR,0.2981,227509,227509,NULL,NULL,0,0,No Payout Yet
857,414,England,GBP,0.2068,89113,103478.02,21.05.21,21.05.22,-34492.68,-34492.68,Current
858,752,England,GBP,0.204,189716,220298.22,NULL,NULL,0,0,No Payout Yet
859,851,Germany,EUR,0.2073,134307,134307,NULL,NULL,0,0,No Payout Yet
860,308,Germany,EUR,0.2862,93655,93655,20.10.20,20.10.21,-46827.5,-46827.5,Current
861,763,England,GBP,0.2942,496079,576046.93,NULL,NULL,0,0,No Payout Yet
862,664,Germany,EUR,0.1924,59052,59052,NULL,NULL,0,0,No Payout Yet
863,368,England,GBP,0.2244,489047,567881.38,12.02.21,12.02.22,-283940.7,-283940.7,Current
864,995,Germany,EUR,0.1657,484534,484534,NULL,NULL,0,0,No Payout Yet
865,480,Italy,EUR,0.1805,223271,223271,15.06.21,15.06.22,-223271,-223271,Current
866,257,Germany,EUR,0.258,263674,263674,26.05.20,26.05.21,-0.01,-0.01,Default
867,182,Germany,EUR,0.2578,348497,348497,03.02.20,03.02.21,0.01,0.01,Repaid (Overpaid - Rounding)
868,195,Germany,EUR,0.2225,58366,58366,12.04.20,12.04.21,-58366,-58366,Default
869,565,Germany,EUR,0.296,60781,60781,NULL,NULL,0,0,No Payout Yet
870,844,England,GBP,0.253,355776,413127.09,NULL,NULL,0,0,No Payout Yet
871,109,Germany,EUR,0.2443,318811,318811,23.03.19,23.03.20,0,0,Repaid
872,486,Germany,EUR,0.2585,65338,65338,02.07.21,02.07.22,-16334.5,-16334.5,Current
873,70,Germany,EUR,0.2526,378328,378328,08.02.19,08.02.20,-0.01,-0.01,Default
874,846,England,GBP,0.2787,73186,84983.58,NULL,NULL,0,0,No Payout Yet
875,949,England,GBP,0.2379,25428,29526.99,NULL,NULL,0,0,No Payout Yet
876,619,Portugal,EUR,0.188,136522,136522,17.07.21,17.07.22,-136522,-136522,Current
877,701,England,GBP,0.1911,291832,338875.32,NULL,NULL,0,0,No Payout Yet
878,734,France,EUR,0.2499,401151,401151,NULL,NULL,0,0,No Payout Yet
879,266,Germany,EUR,0.1702,264811,264811,20.08.20,20.08.21,-88270.34,-88270.34,Current
880,222,Spain,EUR,0.2562,359698,359698,08.04.20,08.04.21,0,0,Repaid
881,596,Germany,EUR,0.1974,477427,477427,NULL,NULL,0,0,No Payout Yet
882,508,Germany,EUR,0.221,271536,271536,NULL,NULL,0,0,No Payout Yet
883,683,England,GBP,0.1656,472844,549066.45,NULL,NULL,0,0,No Payout Yet
884,245,Austria,EUR,0.2687,82686,82686,31.05.20,31.05.21,-49611.6,-49611.6,Default
885,542,Germany,EUR,0.1826,246509,246509,NULL,NULL,0,0,No Payout Yet
886,133,Portugal,EUR,0.1846,154565,154565,24.09.19,24.09.20,0,0,Repaid
887,609,Austria,EUR,0.1823,233444,233444,NULL,NULL,0,0,No Payout Yet
888,854,England,GBP,0.2413,244971,284460.33,NULL,NULL,0,0,No Payout Yet
889,30,Austria,EUR,0.1625,33428,33428,14.12.18,14.12.19,0.01,0.01,Repaid (Overpaid - Rounding)
890,882,Malta,EUR,0.1955,276827,276827,NULL,NULL,0,0,No Payout Yet
891,146,Germany,EUR,0.2169,232345,232345,26.07.19,26.07.20,-0.01,-0.01,Default
892,597,Germany,EUR,0.195,445600,445600,NULL,NULL,0,0,No Payout Yet
893,92,Italy,EUR,0.2008,282384,282384,13.03.19,13.03.20,0,0,Repaid
894,344,Germany,EUR,0.178,424358,424358,08.03.21,08.03.22,-212179,-212179,Current
895,343,England,GBP,0.2786,499265,579746.52,08.01.21,08.01.22,0,0,Repaid
896,693,Germany,EUR,0.2448,410759,410759,NULL,NULL,0,0,No Payout Yet
897,244,Austria,EUR,0.1773,150683,150683,02.06.20,02.06.21,0,0,Repaid
898,612,Germany,EUR,0.1867,449782,449782,NULL,NULL,0,0,No Payout Yet
899,563,Germany,EUR,0.181,430719,430719,15.07.21,15.07.22,-430719,-430719,Current
900,982,England,GBP,0.2385,261281,303399.5,NULL,NULL,0,0,No Payout Yet
901,251,France,EUR,0.1522,328510,328510,13.06.20,13.06.21,0,0,Repaid
902,729,Malta,EUR,0.1635,369314,369314,NULL,NULL,0,0,No Payout Yet
903,99,France,EUR,0.1749,53611,53611,28.03.19,28.03.20,0,0,Repaid
904,530,England,GBP,0.2564,282713,328286.34,NULL,NULL,0,0,No Payout Yet
905,273,Austria,EUR,0.2781,74839,74839,26.06.20,26.06.21,-0.01,-0.01,Default
906,805,Germany,EUR,0.1577,222997,222997,NULL,NULL,0,0,No Payout Yet
907,214,Germany,EUR,0.1821,34466,34466,19.03.20,19.03.21,0,0,Repaid
908,63,Germany,EUR,0.2053,289051,289051,02.02.19,02.02.20,0,0,Repaid
909,852,Austria,EUR,0.2216,250863,250863,NULL,NULL,0,0,No Payout Yet
910,370,Portugal,EUR,0.2454,427513,427513,13.04.21,13.04.22,-320634.75,-320634.75,Current
911,252,Germany,EUR,0.1511,147069,147069,14.05.20,14.05.21,0,0,Repaid
912,428,Portugal,EUR,0.223,410692,410692,04.06.21,04.06.22,0,0,Repaid
913,187,Germany,EUR,0.2907,433523,433523,07.01.20,07.01.21,0,0,Repaid
914,986,England,GBP,0.2421,313103,363575.2,NULL,NULL,0,0,No Payout Yet
915,142,Germany,EUR,0.174,336669,336669,18.08.19,18.08.20,-168334.5,0,Recovered
916,184,Portugal,EUR,0.2525,53828,53828,27.02.20,27.02.21,0,0,Repaid
917,234,Italy,EUR,0.1884,419247,419247,18.06.20,18.06.21,0,0,Repaid
918,447,Germany,EUR,0.2325,108227,108227,30.04.21,30.04.22,0,0,Repaid
919,706,Portugal,EUR,0.1516,129453,129453,NULL,NULL,0,0,No Payout Yet
920,817,France,EUR,0.2892,390396,390396,NULL,NULL,0,0,No Payout Yet
921,211,Germany,EUR,0.1926,379877,379877,28.04.20,28.04.21,0.01,0.01,Repaid (Overpaid - Rounding)
922,791,Germany,EUR,0.2887,207711,207711,NULL,NULL,0,0,No Payout Yet
923,38,England,GBP,0.2798,142682,165682.34,02.12.18,02.12.19,-99409.4,0.01,Repaid (Overpaid - Rounding)
924,6,Portugal,EUR,0.167,264493,264493,07.10.18,07.10.19,-132246.5,0,Recovered
925,956,Germany,EUR,0.2183,140120,140120,NULL,NULL,0,0,No Payout Yet
926,618,Italy,EUR,0.2746,142396,142396,NULL,NULL,0,0,No Payout Yet
927,318,England,GBP,0.2848,344126,399599.11,12.10.20,12.10.21,-0.01,-0.01,Current
928,716,Germany,EUR,0.1751,47511,47511,NULL,NULL,0,0,No Payout Yet
929,27,Austria,EUR,0.221,415153,415153,07.11.18,07.11.19,0,0,Repaid
930,788,Germany,EUR,0.2488,286713,286713,NULL,NULL,0,0,No Payout Yet
931,430,Italy,EUR,0.2851,391240,391240,14.06.21,14.06.22,0,0,Repaid
932,22,Germany,EUR,0.2507,215423,215423,20.11.18,20.11.19,-129253.8,0,Recovered
933,186,Austria,EUR,0.2429,221693,221693,20.03.20,20.03.21,-221693,-221693,Default
934,872,Germany,EUR,0.2798,29000,29000,NULL,NULL,0,0,No Payout Yet
935,553,Austria,EUR,0.2891,474176,474176,31.07.21,31.07.22,-474176,-474176,Current
936,910,Germany,EUR,0.1992,155880,155880,NULL,NULL,0,0,No Payout Yet
937,946,Germany,EUR,0.2031,268610,268610,NULL,NULL,0,0,No Payout Yet
938,972,Germany,EUR,0.163,393969,393969,NULL,NULL,0,0,No Payout Yet
939,999,Austria,EUR,0.2971,14625,14625,NULL,NULL,0,0,No Payout Yet
940,860,England,GBP,0.2365,188560,218955.87,NULL,NULL,0,0,No Payout Yet
941,286,Germany,EUR,0.1715,473896,473896,24.07.20,24.07.21,-236948,-236948,Default
942,564,Germany,EUR,0.2714,136379,136379,NULL,NULL,0,0,No Payout Yet
943,850,Italy,EUR,0.2993,435045,435045,NULL,NULL,0,0,No Payout Yet
944,627,Germany,EUR,0.2637,358062,358062,NULL,NULL,0,0,No Payout Yet
945,684,Germany,EUR,0.2195,260413,260413,NULL,NULL,0,0,No Payout Yet
946,227,Germany,EUR,0.2971,103060,103060,27.04.20,27.04.21,0,0,Repaid
947,349,England,GBP,0.1633,379964,441214.2,02.02.21,02.02.22,-264728.52,-264728.52,Current
948,345,Malta,EUR,0.2493,492447,492447,22.12.20,22.12.21,-492447,-492447,Current
949,606,Germany,EUR,0.2577,52297,52297,25.07.21,25.07.22,-41837.6,-41837.6,Current
950,193,Germany,EUR,0.2231,356213,356213,27.03.20,27.03.21,0,0,Repaid
951,894,England,GBP,0.1748,68201,79195,NULL,NULL,0,0,No Payout Yet
952,383,Germany,EUR,0.2668,462054,462054,07.04.21,07.04.22,-462054,-462054,Current
953,130,England,GBP,0.2034,269758,313242.99,26.08.19,26.08.20,0.01,0.01,Repaid (Overpaid - Rounding)
954,802,Germany,EUR,0.1676,336974,336974,NULL,NULL,0,0,No Payout Yet
955,191,Germany,EUR,0.1898,120013,120013,27.03.20,27.03.21,-0.01,-0.01,Default
956,384,Germany,EUR,0.2393,477369,477369,24.03.21,24.03.22,-381895.2,-381895.2,Current
957,423,Portugal,EUR,0.2305,132978,132978,01.06.21,01.06.22,-66489,-66489,Current
958,828,England,GBP,0.1524,84454,98067.98,NULL,NULL,0,0,No Payout Yet
959,584,Germany,EUR,0.1883,218597,218597,NULL,NULL,0,0,No Payout Yet
960,55,Italy,EUR,0.2698,393079,393079,03.02.19,03.02.20,-131026.34,-0.01,Default
961,582,Germany,EUR,0.1912,384821,384821,NULL,NULL,0,0,No Payout Yet
962,471,Austria,EUR,0.2071,274857,274857,01.06.21,01.06.22,-164914.2,-164914.2,Current
963,593,Austria,EUR,0.1814,143099,143099,NULL,NULL,0,0,No Payout Yet
964,233,Austria,EUR,0.2186,441175,441175,14.05.20,14.05.21,0,0,Repaid
965,107,Germany,EUR,0.1797,491528,491528,26.04.19,26.04.20,0,0,Repaid
966,438,Germany,EUR,0.2245,367636,367636,18.06.21,18.06.22,0,0,Repaid
967,919,Austria,EUR,0.2331,167897,167897,NULL,NULL,0,0,No Payout Yet
968,644,Portugal,EUR,0.2316,415600,415600,NULL,NULL,0,0,No Payout Yet
969,963,Germany,EUR,0.2497,131683,131683,NULL,NULL,0,0,No Payout Yet
970,89,Malta,EUR,0.2247,213589,213589,16.04.19,16.04.20,-85435.6,0,Recovered
971,881,England,GBP,0.2675,296361,344134.39,NULL,NULL,0,0,No Payout Yet
972,492,England,GBP,0.2424,178247,206980.42,13.06.21,13.06.22,-51745.12,-51745.12,Current
973,464,Germany,EUR,0.18,276963,276963,13.06.21,13.06.22,-276963,-276963,Current
974,667,Germany,EUR,0.1543,108527,108527,NULL,NULL,0,0,No Payout Yet
975,709,Germany,EUR,0.1701,329954,329954,NULL,NULL,0,0,No Payout Yet
976,350,Germany,EUR,0.228,61264,61264,21.12.20,21.12.21,0,0,Repaid
977,607,England,GBP,0.2635,123369,143256.08,NULL,NULL,0,0,No Payout Yet
978,781,France,EUR,0.235,314353,314353,NULL,NULL,0,0,No Payout Yet
979,138,Austria,EUR,0.2451,395550,395550,14.10.19,14.10.20,0,0,Repaid
980,880,England,GBP,0.1569,138928,161323.19,NULL,NULL,0,0,No Payout Yet
981,861,Germany,EUR,0.1628,219665,219665,NULL,NULL,0,0,No Payout Yet
982,54,England,GBP,0.2894,363822,422470.11,24.12.18,24.12.19,0.01,0.01,Repaid (Overpaid - Rounding)
983,71,England,GBP,0.2753,270359,313940.87,03.03.19,03.03.20,0.01,0.01,Repaid (Overpaid - Rounding)
984,285,Germany,EUR,0.2553,17410,17410,04.09.20,04.09.21,-6964,-6964,Current
985,153,Germany,EUR,0.253,301907,301907,27.11.19,27.11.20,0,0,Repaid
986,242,Germany,EUR,0.2514,132663,132663,17.07.20,17.07.21,0,0,Repaid
987,659,Germany,EUR,0.2625,25934,25934,NULL,NULL,0,0,No Payout Yet
988,490,Germany,EUR,0.2627,279748,279748,02.06.21,02.06.22,-279748,-279748,Current
989,909,Germany,EUR,0.1511,445126,445126,NULL,NULL,0,0,No Payout Yet
990,794,Germany,EUR,0.1751,334373,334373,NULL,NULL,0,0,No Payout Yet
991,826,Austria,EUR,0.2634,182596,182596,NULL,NULL,0,0,No Payout Yet
992,547,Germany,EUR,0.2206,146535,146535,17.07.21,17.07.22,-87921,-87921,Current
993,448,Germany,EUR,0.2507,468214,468214,06.05.21,06.05.22,-468214,-468214,Current
994,421,Austria,EUR,0.1879,384472,384472,12.04.21,12.04.22,-76894.4,-76894.4,Current
995,239,Germany,EUR,0.2414,482592,482592,08.05.20,08.05.21,0,0,Repaid
996,283,Germany,EUR,0.2801,210185,210185,02.10.20,02.10.21,0,0,Repaid
997,645,Portugal,EUR,0.2562,26275,26275,25.07.21,25.07.22,-26275,-26275,Current
998,973,Germany,EUR,0.2078,68016,68016,NULL,NULL,0,0,No Payout Yet
999,594,England,GBP,0.2894,429826,499113.95,NULL,NULL,0,0,No Payout Yet
1000,307,England,GBP,0.163,184057,213726.99,03.11.20,03.11.21,0.01,0.01,Repaid (Overpaid - Rounding)