loan_id,customer_id,loan_acquisition_date,loan_amount,interest_rate_pm,customer_acquisition_channel_id,loan_duration
1,682,2018-08-14,104073,0.1782,4,12
2,795,2018-08-17,259508,0.2786,5,12
3,397,2018-08-18,422421,0.2477,4,12
4,496,2018-08-20,438466,0.2379,7,12
5,148,2018-08-21,377698,0.2555,1,12
6,924,2018-08-22,264493,0.167,1,12
7,425,2018-08-31,71733,0.2807,4,12
8,460,2018-08-31,303393,0.2357,6,12
9,828,2018-09-01,128056,0.1773,3,12
10,820,2018-09-02,388116,0.2593,4,12
11,188,2018-09-04,204159,0.2285,4,12
12,530,2018-09-05,322650,0.2209,1,12
13,578,2018-09-06,11590,0.2355,5,12
14,563,2018-09-07,450962,0.2851,2,12
15,850,2018-09-08,469371,0.2198,8,12
16,465,2018-09-09,150180,0.246,4,12
17,184,2018-09-11,35464,0.1857,4,12
18,454,2018-09-14,401257,0.2621,4,12
19,312,2018-09-15,410826,0.2586,1,12
20,64,2018-09-16,167528,0.1818,1,12
21,154,2018-10-10,204065,0.1634,4,12
22,932,2018-10-11,215423,0.2507,6,12
23,313,2018-10-11,342291,0.2978,1,12
24,130,2018-10-12,390423,0.2498,5,12
25,347,2018-10-12,350121,0.1756,4,12
26,367,2018-10-13,30730,0.2285,1,12
27,929,2018-10-14,415153,0.221,5,12
28,349,2018-10-14,473689,0.2385,5,12
29,670,2018-10-17,71706,0.1813,4,12
30,889,2018-10-17,33428,0.1625,4,12
31,769,2018-10-18,475258,0.1796,4,12
32,845,2018-10-19,328524,0.1548,4,12
33,59,2018-10-19,175924,0.1777,5,12
34,534,2018-10-28,398266,0.2996,1,12
35,814,2018-10-30,318260,0.2837,4,12
36,789,2018-10-31,357769,0.2656,1,12
37,494,2018-11-25,352016,0.2613,3,12
38,923,2018-11-27,142682,0.2798,1,12
39,386,2018-11-27,251622,0.2673,4,12
40,97,2018-11-28,348172,0.2359,3,12
41,443,2018-11-30,223822,0.1865,1,12
42,117,2018-12-03,293172,0.1951,4,12
43,703,2018-12-05,326630,0.1622,4,12
44,48,2018-12-06,100560,0.1838,1,12
45,489,2018-12-08,317784,0.2385,4,12
46,510,2018-12-09,91170,0.2351,4,12
47,90,2018-12-10,36297,0.1834,4,12
48,352,2018-12-13,394122,0.2476,1,12
49,399,2018-12-13,10867,0.1964,7,12
50,764,2018-12-14,163854,0.2007,5,12
51,310,2018-12-19,96999,0.2477,1,12
52,719,2018-12-20,448577,0.2617,1,12
53,169,2018-12-21,13447,0.2098,1,12
54,982,2018-12-21,363822,0.2894,4,12
55,960,2018-12-21,393079,0.2698,2,12
56,291,2018-12-22,433220,0.207,4,12
57,429,2018-12-23,146023,0.1791,7,12
58,220,2018-12-25,403257,0.1934,4,12
59,338,2018-12-26,365579,0.2419,1,12
60,812,2018-12-26,201557,0.2097,4,12
61,181,2018-12-27,152617,0.2603,8,12
62,552,2018-12-28,358631,0.1595,4,12
63,908,2019-01-01,289051,0.2053,7,12
64,37,2019-01-01,10796,0.2711,3,12
65,571,2019-01-02,108394,0.2263,4,12
66,379,2019-01-04,269420,0.1568,4,12
67,480,2019-01-06,403865,0.1514,4,12
68,241,2019-01-06,36298,0.2816,4,12
69,356,2019-01-06,375130,0.2852,4,12
70,873,2019-01-22,378328,0.2526,4,12
71,983,2019-01-22,270359,0.2753,7,12
72,213,2019-01-23,143482,0.2003,5,12
73,661,2019-01-25,487638,0.2793,4,12
74,509,2019-01-28,21323,0.1911,4,12
75,541,2019-01-28,128222,0.1856,1,12
76,119,2019-01-30,156821,0.2154,4,12
77,472,2019-01-30,405941,0.2559,2,12
78,308,2019-01-30,138514,0.2239,1,12
79,214,2019-02-01,425928,0.2535,2,12
80,446,2019-02-01,294412,0.2957,6,12
81,694,2019-02-02,246269,0.2855,4,12
82,518,2019-02-04,229884,0.1908,5,12
83,806,2019-02-05,422588,0.1805,4,12
84,432,2019-02-05,36727,0.1733,1,12
85,53,2019-02-08,366219,0.24,4,12
86,427,2019-02-09,332833,0.2766,4,12
87,808,2019-02-11,112041,0.2084,4,12
88,687,2019-02-11,470658,0.15,4,12
89,970,2019-02-12,213589,0.2247,4,12
90,484,2019-02-12,187833,0.2254,5,12
91,787,2019-02-13,180509,0.2613,4,12
92,893,2019-02-14,282384,0.2008,4,12
93,69,2019-02-14,223202,0.2538,4,12
94,175,2019-02-14,18856,0.2754,4,12
95,123,2019-02-16,156748,0.22,6,12
96,554,2019-02-18,345617,0.1784,4,12
97,627,2019-02-19,377708,0.2078,4,12
98,486,2019-02-21,381071,0.1697,4,12
99,903,2019-02-22,53611,0.1749,5,12
100,95,2019-02-24,391028,0.19,4,12
101,770,2019-02-24,432851,0.2943,4,12
102,653,2019-02-25,396929,0.2933,4,12
103,739,2019-02-27,468197,0.1669,4,12
104,318,2019-03-04,436467,0.2152,1,12
105,219,2019-03-05,97502,0.1705,5,12
106,532,2019-03-06,363208,0.2646,8,12
107,965,2019-03-06,491528,0.1797,4,12
108,412,2019-03-06,479171,0.2982,4,12
109,871,2019-03-10,318811,0.2443,1,12
110,159,2019-03-11,195729,0.2997,4,12
111,498,2019-05-02,328536,0.2345,5,12
112,584,2019-05-03,156087,0.2309,5,12
113,763,2019-05-03,318968,0.1779,5,12
114,635,2019-05-03,289306,0.1607,8,12
115,654,2019-05-05,375573,0.2539,7,12
116,628,2019-05-05,108807,0.2451,4,12
117,829,2019-06-15,115024,0.242,3,12
118,288,2019-06-17,265941,0.246,4,12
119,816,2019-06-17,160187,0.2798,4,12
120,357,2019-06-20,440673,0.1869,7,12
121,326,2019-06-21,233821,0.2451,4,12
122,647,2019-06-22,378911,0.2011,1,12
123,227,2019-06-23,110949,0.1701,4,12
124,28,2019-06-25,69871,0.267,5,12
125,598,2019-07-01,357739,0.29,4,12
126,170,2019-07-02,59633,0.2921,1,12
127,642,2019-07-05,53542,0.1536,4,12
128,131,2019-07-07,171686,0.1931,7,12
129,801,2019-07-08,117374,0.2176,4,12
130,953,2019-07-09,269758,0.2034,4,12
131,99,2019-07-10,316020,0.156,4,12
132,24,2019-07-10,74078,0.2044,7,12
133,886,2019-07-13,154565,0.1846,4,12
134,180,2019-07-14,215247,0.1862,5,12
135,535,2019-07-14,91643,0.181,1,12
136,706,2019-07-15,57858,0.2486,1,12
137,405,2019-07-15,79661,0.2402,1,12
138,979,2019-07-17,395550,0.2451,4,12
139,631,2019-07-17,119778,0.286,4,12
140,533,2019-07-19,379352,0.2687,4,12
141,92,2019-07-19,36615,0.2034,4,12
142,915,2019-07-19,336669,0.174,4,12
143,382,2019-07-20,393711,0.276,1,12
144,689,2019-07-20,40731,0.1613,4,12
145,493,2019-07-21,117220,0.1769,4,12
146,891,2019-07-21,232345,0.2169,8,12
147,546,2019-07-21,37706,0.2595,4,12
148,839,2019-07-22,491913,0.2066,4,12
149,811,2019-07-26,92925,0.2073,1,12
150,324,2019-07-30,260128,0.2258,1,12
151,8,2019-09-30,327201,0.1992,4,12
152,634,2019-10-01,119019,0.2386,6,12
153,985,2019-10-10,301907,0.253,8,12
154,695,2019-10-13,332098,0.1737,1,12
155,688,2019-10-15,261842,0.206,7,12
156,211,2019-10-18,190809,0.2266,4,12
157,138,2019-10-19,458900,0.2419,4,12
158,502,2019-10-22,25663,0.1851,5,12
159,12,2019-10-23,344115,0.1754,1,12
160,74,2019-10-26,329459,0.2035,4,12
161,655,2019-10-26,69557,0.2972,4,12
162,825,2019-10-26,58455,0.1574,7,12
163,276,2019-10-26,415458,0.2738,1,12
164,611,2019-10-27,449125,0.2921,2,12
165,72,2019-10-28,83915,0.285,1,12
166,66,2019-11-01,296218,0.236,5,12
167,372,2019-11-02,274661,0.2002,4,12
168,821,2019-12-03,376044,0.1586,1,12
169,481,2019-12-03,407065,0.2022,1,12
170,388,2019-12-05,32540,0.206,7,12
171,177,2019-12-08,247117,0.179,4,12
172,620,2019-12-09,479777,0.2159,7,12
173,499,2019-12-12,35650,0.1996,7,12
174,295,2019-12-18,55788,0.2305,2,12
175,699,2019-12-19,451664,0.2803,1,12
176,716,2019-12-20,234865,0.2794,7,12
177,56,2019-12-20,67124,0.238,1,12
178,847,2019-12-21,42518,0.2212,6,12
179,113,2019-12-22,77741,0.2532,2,12
180,76,2019-12-22,119100,0.2711,6,12
181,306,2019-12-24,147173,0.2888,2,12
182,867,2019-12-25,348497,0.2578,4,12
183,61,2019-12-26,395807,0.2761,4,12
184,916,2019-12-26,53828,0.2525,4,12
185,132,2019-12-26,171400,0.2662,4,12
186,933,2019-12-28,221693,0.2429,5,12
187,913,2019-12-31,433523,0.2907,4,12
188,805,2020-01-01,336684,0.2066,5,12
189,289,2020-01-03,85494,0.1541,1,12
190,411,2020-01-19,371827,0.2961,5,12
191,955,2020-01-19,120013,0.1898,1,12
192,451,2020-01-20,325908,0.2354,1,12
193,950,2020-01-20,356213,0.2231,1,12
194,168,2020-01-21,113704,0.2255,8,12
195,868,2020-01-21,58366,0.2225,7,12
196,523,2020-01-22,467777,0.1657,1,12
197,780,2020-01-22,472308,0.2709,4,12
198,407,2020-01-23,428137,0.1783,5,12
199,255,2020-01-24,303386,0.2152,5,12
200,328,2020-01-24,69094,0.3,5,12
201,441,2020-01-27,380287,0.2885,4,12
202,273,2020-01-29,363478,0.2629,4,12
203,316,2020-01-30,463845,0.2788,1,12
204,681,2020-02-01,174780,0.2835,4,12
205,737,2020-02-03,465190,0.2395,4,12
206,334,2020-02-05,497218,0.2363,4,12
207,79,2020-02-06,138193,0.2883,1,12
208,529,2020-02-06,288732,0.2149,7,12
209,721,2020-02-07,477808,0.2479,4,12
210,738,2020-02-07,321467,0.2547,4,12
211,921,2020-02-10,379877,0.1926,1,12
212,46,2020-02-11,187313,0.2555,5,12
213,321,2020-02-11,436806,0.1605,7,12
214,907,2020-02-11,34466,0.1821,4,12
215,171,2020-02-13,383647,0.2069,7,12
216,112,2020-02-13,311486,0.2468,4,12
217,625,2020-02-15,338637,0.2484,4,12
218,490,2020-03-28,113983,0.2354,7,12
219,599,2020-03-29,423231,0.2721,4,12
220,158,2020-03-31,451141,0.2668,4,12
221,671,2020-04-01,372068,0.2217,4,12
222,880,2020-04-02,359698,0.2562,4,12
223,428,2020-04-02,365607,0.214,1,12
224,833,2020-04-03,308416,0.2306,5,12
225,612,2020-04-03,121330,0.2744,1,12
226,580,2020-04-03,349323,0.2761,4,12
227,946,2020-04-04,103060,0.2971,4,12
228,104,2020-04-05,81551,0.2325,5,12
229,827,2020-04-07,131619,0.2217,4,12
230,807,2020-04-09,230277,0.2806,4,12
231,151,2020-04-11,440758,0.246,5,12
232,731,2020-04-12,275680,0.2211,5,12
233,964,2020-04-12,441175,0.2186,5,12
234,917,2020-04-13,419247,0.1884,1,12
235,80,2020-04-14,264651,0.2352,5,12
236,217,2020-04-14,137868,0.1906,4,12
237,110,2020-04-15,402154,0.2812,4,12
238,106,2020-04-17,475614,0.1595,7,12
239,995,2020-04-18,482592,0.2414,4,12
240,605,2020-04-18,350783,0.235,4,12
241,277,2020-04-18,383850,0.1974,4,12
242,986,2020-04-18,132663,0.2514,4,12
243,549,2020-04-21,441060,0.2408,1,12
244,897,2020-04-21,150683,0.1773,2,12
245,884,2020-04-22,82686,0.2687,4,12
246,680,2020-04-23,344504,0.2101,5,12
247,57,2020-04-29,446991,0.2968,5,12
248,715,2020-05-01,409606,0.2452,5,12
249,600,2020-05-02,256545,0.2508,7,12
250,622,2020-05-02,480635,0.2919,1,12
251,901,2020-05-03,328510,0.1522,1,12
252,911,2020-05-04,147069,0.1511,1,12
253,258,2020-05-05,322994,0.2709,1,12
254,623,2020-05-06,299396,0.2134,4,12
255,569,2020-05-06,100633,0.1766,4,12
256,581,2020-05-06,102285,0.2343,4,12
257,866,2020-05-21,263674,0.258,4,12
258,163,2020-05-22,371105,0.1775,4,12
259,189,2020-05-22,460217,0.2845,4,12
260,760,2020-05-24,348700,0.2307,1,12
261,232,2020-05-25,444473,0.259,4,12
262,14,2020-05-26,481826,0.2954,5,12
263,320,2020-05-29,469700,0.1649,4,12
264,111,2020-05-29,394846,0.2772,4,12
265,342,2020-05-30,498487,0.2753,1,12
266,879,2020-06-03,264811,0.1702,3,12
267,261,2020-06-16,97620,0.1916,4,12
268,614,2020-06-16,349344,0.261,4,12
269,330,2020-06-17,269942,0.1708,5,12
270,803,2020-06-21,87561,0.1512,1,12
271,128,2020-06-22,219729,0.2202,5,12
272,89,2020-06-23,329641,0.2263,1,12
273,905,2020-06-23,74839,0.2781,5,12
274,745,2020-06-24,284983,0.2293,3,12
275,210,2020-06-25,334315,0.1833,4,12
276,505,2020-06-25,401539,0.2268,4,12
277,656,2020-06-25,392190,0.2998,4,12
278,513,2020-06-30,24696,0.1908,4,12
279,88,2020-07-02,51760,0.2773,4,12
280,575,2020-07-02,325527,0.2375,6,12
281,259,2020-07-05,493090,0.2801,4,12
282,777,2020-07-05,421810,0.2156,5,12
283,996,2020-07-06,210185,0.2801,4,12
284,742,2020-07-07,135752,0.1787,5,12
285,984,2020-07-08,17410,0.2553,2,12
286,941,2020-07-08,473896,0.1715,1,12
287,724,2020-07-10,274514,0.1863,8,12
288,639,2020-07-15,266469,0.2053,8,12
289,401,2020-07-19,157404,0.2887,4,12
290,725,2020-07-20,264352,0.2812,4,12
291,788,2020-07-22,295055,0.155,7,12
292,743,2020-07-23,323643,0.2235,7,12
293,311,2020-07-25,78095,0.1761,1,12
294,462,2020-07-25,237447,0.2252,7,12
295,140,2020-07-26,349822,0.2152,1,12
296,636,2020-07-26,96440,0.2662,1,12
297,267,2020-07-27,337115,0.242,4,12
298,819,2020-07-27,168770,0.1788,4,12
299,86,2020-07-29,145490,0.248,7,12
300,637,2020-07-29,493216,0.189,6,12
301,228,2020-08-01,96243,0.1565,4,12
302,790,2020-08-04,329780,0.1575,4,12
303,102,2020-08-05,192952,0.2985,7,12
304,595,2020-08-16,390635,0.2263,1,12
305,304,2020-08-17,347736,0.2654,8,12
306,421,2020-08-21,41871,0.1948,3,12
307,1000,2020-08-23,184057,0.163,5,12
308,860,2020-08-24,93655,0.2862,5,12
309,778,2020-08-24,15782,0.1832,4,12
310,792,2020-08-25,285864,0.1662,8,12
311,191,2020-08-26,383818,0.2804,5,12
312,222,2020-08-27,339010,0.1842,4,12
313,20,2020-08-28,400586,0.2645,4,12
314,740,2020-08-29,281354,0.1982,4,12
315,482,2020-08-30,301810,0.2201,1,12
316,442,2020-08-31,288056,0.2499,3,12
317,519,2020-09-03,286345,0.1802,8,12
318,927,2020-09-04,344126,0.2848,7,12
319,49,2020-09-05,113317,0.1774,4,12
320,363,2020-09-08,92638,0.2818,3,12
321,265,2020-09-11,136918,0.2425,4,12
322,437,2020-09-11,261539,0.2342,5,12
323,240,2020-09-11,118643,0.1869,4,12
324,501,2020-09-11,467467,0.2763,4,12
325,733,2020-09-12,357144,0.266,4,12
326,339,2020-09-15,468227,0.1937,4,12
327,17,2020-09-18,30017,0.186,8,12
328,762,2020-09-20,428273,0.2099,4,12
329,116,2020-09-21,85322,0.2668,5,12
330,511,2020-09-21,213958,0.1709,5,12
331,83,2020-09-22,253943,0.2871,1,12
332,696,2020-09-23,259133,0.1745,7,12
333,114,2020-09-24,25464,0.2463,4,12
334,107,2020-09-26,342377,0.2149,4,12
335,507,2020-09-26,468399,0.2833,8,12
336,65,2020-09-27,246797,0.2671,8,12
337,285,2020-11-28,472789,0.293,5,12
338,249,2020-11-30,243247,0.2691,5,12
339,206,2020-12-01,247404,0.2278,8,12
340,199,2020-12-07,82023,0.2814,5,12
341,365,2020-12-07,317408,0.1703,8,12
342,673,2020-12-08,335600,0.2896,7,12
343,895,2020-12-10,499265,0.2786,4,12
344,894,2020-12-12,424358,0.178,5,12
345,948,2020-12-12,492447,0.2493,4,12
346,843,2020-12-12,167224,0.1908,7,12
347,516,2020-12-12,147910,0.201,4,12
348,660,2020-12-12,374023,0.2188,7,12
349,947,2020-12-14,379964,0.1633,7,12
350,976,2020-12-16,61264,0.228,7,12
351,127,2020-12-18,325597,0.2133,4,12
352,333,2020-12-19,94412,0.2164,3,12
353,358,2020-12-25,74073,0.2388,2,12
354,15,2020-12-26,188355,0.2348,8,12
355,75,2020-12-26,247453,0.2205,5,12
356,364,2020-12-26,322887,0.1912,4,12
357,471,2020-12-27,361937,0.1804,4,12
358,204,2020-12-29,69858,0.235,4,12
359,301,2021-01-06,294172,0.2529,3,12
360,675,2021-01-09,292638,0.2528,4,12
361,784,2021-01-11,414631,0.2826,8,12
362,60,2021-01-11,57789,0.2014,1,12
363,108,2021-01-11,473272,0.1987,5,12
364,404,2021-01-12,231906,0.2415,1,12
365,459,2021-01-14,246997,0.2986,4,12
366,474,2021-01-15,463868,0.2567,4,12
367,120,2021-01-17,373642,0.2342,7,12
368,863,2021-01-18,489047,0.2244,4,12
369,35,2021-01-20,105304,0.1683,7,12
370,910,2021-01-22,427513,0.2454,5,12
371,651,2021-01-22,33404,0.2921,4,12
372,700,2021-01-23,326390,0.2223,4,12
373,633,2021-01-24,36198,0.2883,1,12
374,335,2021-01-24,120019,0.1874,5,12
375,479,2021-01-27,134481,0.1529,4,12
376,450,2021-01-28,233988,0.1707,4,12
377,153,2021-01-28,343969,0.2448,6,12
378,852,2021-01-29,256345,0.1976,5,12
379,475,2021-01-31,243824,0.2307,4,12
380,468,2021-02-01,278416,0.2355,4,12
381,587,2021-02-02,244168,0.1567,4,12
382,652,2021-02-03,415818,0.1817,4,12
383,952,2021-02-05,462054,0.2668,8,12
384,956,2021-02-05,477369,0.2393,1,12
385,287,2021-02-05,304785,0.2886,7,12
386,517,2021-02-06,90597,0.2397,6,12
387,657,2021-02-07,472714,0.1788,4,12
388,744,2021-02-08,460170,0.233,4,12
389,528,2021-02-09,145657,0.2208,5,12
390,419,2021-02-12,72576,0.2711,7,12
391,592,2021-02-14,379197,0.1907,4,12
392,522,2021-02-14,452350,0.2528,5,12
393,226,2021-02-14,189597,0.2385,4,12
394,551,2021-02-15,82506,0.15,4,12
395,458,2021-02-18,240519,0.2152,5,12
396,793,2021-02-18,493205,0.1742,7,12
397,40,2021-02-18,276741,0.2467,4,12
398,433,2021-02-18,206108,0.2333,6,12
399,596,2021-02-20,251625,0.1649,4,12
400,370,2021-02-20,338871,0.2315,4,12
401,100,2021-02-21,406994,0.2196,1,12
402,30,2021-02-21,20674,0.2266,1,12
403,378,2021-02-21,478641,0.2827,4,12
404,691,2021-02-22,99845,0.2846,3,12
405,497,2021-02-22,274160,0.1627,4,12
406,174,2021-02-24,252236,0.2338,4,12
407,521,2021-02-24,204606,0.1598,7,12
408,487,2021-02-24,131145,0.273,1,12
409,387,2021-02-24,369289,0.2353,8,12
410,752,2021-02-27,357773,0.2689,3,12
411,173,2021-02-28,306613,0.2973,4,12
412,697,2021-03-01,485294,0.204,6,12
413,224,2021-03-01,330123,0.2733,1,12
414,857,2021-03-01,89113,0.2068,4,12
415,582,2021-03-04,30970,0.1629,1,12
416,371,2021-03-06,453220,0.1782,8,12
417,161,2021-03-06,278119,0.2951,1,12
418,749,2021-03-06,455219,0.2034,7,12
419,218,2021-03-06,79075,0.2586,5,12
420,149,2021-03-08,295792,0.2089,5,12
421,994,2021-03-09,384472,0.1879,4,12
422,491,2021-03-10,227322,0.1553,2,12
423,957,2021-03-11,132978,0.2305,1,12
424,91,2021-03-12,409201,0.2975,4,12
425,713,2021-03-14,81789,0.2821,4,12
426,603,2021-03-14,187071,0.2744,4,12
427,766,2021-03-15,16296,0.2359,5,12
428,912,2021-03-17,410692,0.223,1,12
429,849,2021-03-18,118639,0.2132,4,12
430,931,2021-03-18,391240,0.2851,1,12
431,685,2021-03-18,223090,0.2747,4,12
432,302,2021-03-19,417253,0.1591,4,12
433,162,2021-03-19,200058,0.2517,4,12
434,610,2021-03-21,387855,0.2587,4,12
435,835,2021-03-22,24575,0.2945,5,12
436,564,2021-03-23,98780,0.1759,5,12
437,231,2021-03-23,488291,0.2913,8,12
438,966,2021-03-26,367636,0.2245,4,12
439,381,2021-03-26,471180,0.1924,4,12
440,588,2021-03-27,458970,0.1809,5,12
441,586,2021-03-28,404506,0.2424,5,12
442,747,2021-03-30,201553,0.2022,4,12
443,525,2021-03-31,65277,0.1642,5,12
444,786,2021-03-31,21720,0.2018,4,12
445,244,2021-04-01,304088,0.1607,1,12
446,664,2021-04-02,259985,0.2234,4,12
447,918,2021-04-03,108227,0.2325,4,12
448,993,2021-04-03,468214,0.2507,4,12
449,368,2021-04-07,225160,0.2139,1,12
450,632,2021-04-09,291485,0.2611,4,12
451,602,2021-04-10,63810,0.2883,4,12
452,508,2021-04-11,249946,0.2586,4,12
453,216,2021-04-11,112475,0.2493,5,12
454,38,2021-04-16,349470,0.2051,1,12
455,469,2021-04-17,379025,0.1827,1,12
456,42,2021-04-17,396039,0.2519,1,12
457,701,2021-04-17,456544,0.1686,2,12
458,274,2021-04-18,413303,0.2702,3,12
459,63,2021-04-28,324385,0.2435,4,12
460,683,2021-04-29,296286,0.1941,7,12
461,556,2021-04-30,262343,0.2723,4,12
462,449,2021-05-01,484933,0.2612,5,12
463,29,2021-05-01,102096,0.1805,4,12
464,973,2021-05-02,276963,0.18,4,12
465,145,2021-05-02,456863,0.2288,1,12
466,836,2021-05-03,350237,0.1645,8,12
467,851,2021-05-03,52886,0.1591,4,12
468,160,2021-05-04,214243,0.2367,4,12
469,282,2021-05-04,462479,0.2149,1,12
470,417,2021-05-06,212891,0.226,7,12
471,962,2021-05-07,274857,0.2071,4,12
472,325,2021-05-11,294383,0.2813,4,12
473,118,2021-05-11,290714,0.2433,6,12
474,601,2021-05-12,223253,0.2365,4,12
475,322,2021-05-15,231305,0.2201,4,12
476,300,2021-05-16,390052,0.1964,5,12
477,400,2021-05-17,385778,0.1871,5,12
478,750,2021-05-17,316195,0.2704,2,12
479,785,2021-05-19,129184,0.2242,7,12
480,865,2021-05-19,223271,0.1805,8,12
481,52,2021-05-20,97369,0.2391,4,12
482,205,2021-05-20,253392,0.2978,4,12
483,678,2021-05-20,286615,0.2866,4,12
484,756,2021-05-22,455991,0.27,4,12
485,593,2021-05-25,165184,0.2963,3,12
486,872,2021-05-25,65338,0.2585,4,12
487,837,2021-05-25,488939,0.2504,4,12
488,848,2021-05-26,195786,0.1651,4,12
489,824,2021-05-26,143946,0.2676,5,12
490,988,2021-05-27,279748,0.2627,1,12
491,354,2021-05-27,448990,0.1626,1,12
492,972,2021-05-27,178247,0.2424,4,12
493,765,2021-05-27,360314,0.2884,4,12
494,293,2021-05-27,159769,0.253,4,12
495,346,2021-05-29,148748,0.2379,4,12
496,453,2021-05-30,499512,0.2156,4,12
497,500,2021-05-30,165972,0.1789,1,12
498,284,2021-05-31,214936,0.1846,4,12
499,690,2021-06-01,436358,0.1636,4,12
500,248,2021-06-02,232086,0.2582,3,12
501,512,2021-06-03,494391,0.2911,4,12
502,43,2021-06-03,150178,0.2963,4,12
503,782,2021-06-05,474589,0.2986,7,12
504,11,2021-06-07,354607,0.2193,7,12
505,203,2021-06-07,442267,0.2139,4,12
506,565,2021-06-07,63339,0.263,5,12
507,147,2021-06-09,64292,0.152,7,12
508,882,2021-06-10,271536,0.221,4,12
509,526,2021-06-11,240523,0.2865,4,12
510,183,2021-06-11,329665,0.2857,4,12
511,31,2021-06-11,339092,0.1984,3,12
512,431,2021-06-15,11883,0.2345,4,12
513,572,2021-06-16,313861,0.2138,7,12
514,167,2021-06-16,282481,0.2887,7,12
515,550,2021-06-16,435658,0.1891,6,12
516,55,2021-06-17,497045,0.1873,8,12
517,359,2021-06-17,472342,0.2359,4,12
518,81,2021-06-17,362908,0.2535,4,12
519,772,2021-06-17,197249,0.1632,4,12
520,672,2021-06-18,186541,0.264,4,12
521,45,2021-06-19,243247,0.212,4,12
522,758,2021-06-19,207876,0.2842,4,12
523,336,2021-06-19,76910,0.2886,4,12
524,109,2021-06-19,307094,0.2566,4,12
525,225,2021-06-22,256227,0.1793,5,12
526,281,2021-06-22,206778,0.2151,4,12
527,303,2021-06-22,415307,0.2474,4,12
528,531,2021-06-22,81471,0.2671,4,12
529,223,2021-06-22,272507,0.2289,7,12
530,904,2021-06-22,282713,0.2564,2,12
531,157,2021-06-22,80556,0.1775,1,12
532,679,2021-06-22,495026,0.2489,4,12
533,355,2021-06-22,21786,0.2438,7,12
534,229,2021-06-22,257025,0.1935,2,12
535,583,2021-06-22,432336,0.2284,7,12
536,855,2021-06-22,198877,0.2876,2,12
537,377,2021-06-22,46550,0.2644,4,12
538,103,2021-06-22,274909,0.2022,5,12
539,264,2021-06-23,353595,0.2743,4,12
540,768,2021-06-23,284159,0.1504,1,12
541,606,2021-06-23,412090,0.1655,1,12
542,885,2021-06-23,246509,0.1826,8,12
543,853,2021-06-23,425973,0.293,2,12
544,779,2021-06-23,232338,0.2417,5,12
545,804,2021-06-23,320006,0.231,4,12
546,389,2021-06-23,69870,0.2173,5,12
547,992,2021-06-23,146535,0.2206,4,12
548,423,2021-06-23,86949,0.2201,5,12
549,73,2021-06-23,270899,0.2968,5,12
550,375,2021-06-23,396154,0.2403,3,12
551,844,2021-06-23,420679,0.2737,4,12
552,105,2021-06-23,314778,0.2357,4,12
553,935,2021-06-30,474176,0.2891,4,12
554,707,2021-06-30,305232,0.2486,4,12
555,196,2021-06-30,146578,0.2687,4,12
556,155,2021-06-30,325202,0.214,7,12
557,692,2021-06-30,316191,0.1872,4,12
558,483,2021-06-30,238954,0.1971,6,12
559,641,2021-06-30,402739,0.2586,3,12
560,209,2021-07-02,391469,0.2736,5,12
561,298,2021-07-02,209232,0.2714,5,12
562,361,2021-07-02,386186,0.1584,4,12
563,899,2021-07-02,430719,0.181,5,12
564,942,2021-07-02,136379,0.2714,4,12
565,869,2021-07-02,60781,0.296,4,12
566,781,2021-07-02,224213,0.2309,1,12
567,374,2021-07-03,117639,0.2871,4,12
568,353,2021-07-03,214188,0.1515,4,12
569,722,2021-07-03,341854,0.2176,4,12
570,150,2021-07-03,96391,0.2521,4,12
571,84,2021-07-03,498827,0.2011,5,12
572,514,2021-07-03,322015,0.2781,5,12
573,767,2021-07-03,241533,0.1696,4,12
574,604,2021-07-03,188518,0.2631,5,12
575,452,2021-07-03,68806,0.2477,4,12
576,152,2021-07-03,110495,0.2455,3,12
577,730,2021-07-06,350487,0.2863,3,12
578,360,2021-07-06,78063,0.2598,1,12
579,668,2021-07-06,397369,0.1517,1,12
580,616,2021-07-06,399393,0.2919,4,12
581,548,2021-07-06,467344,0.1784,2,12
582,961,2021-07-06,384821,0.1912,5,12
583,294,2021-07-06,372670,0.2136,4,12
584,959,2021-07-06,218597,0.1883,4,12
585,207,2021-07-06,65829,0.2972,4,12
586,392,2021-07-06,482249,0.2997,1,12
587,621,2021-07-09,143236,0.2726,4,12
588,82,2021-07-09,375106,0.2605,3,12
589,467,2021-07-09,278256,0.2648,4,12
590,260,2021-07-09,221521,0.2201,7,12
591,237,2021-07-09,180681,0.2159,1,12
592,416,2021-07-09,50026,0.2618,4,12
593,963,2021-07-09,143099,0.1814,4,12
594,999,2021-07-09,429826,0.2894,4,12
595,615,2021-07-09,482480,0.1917,6,12
596,881,2021-07-09,477427,0.1974,5,12
597,892,2021-07-11,445600,0.195,4,12
598,455,2021-07-11,126305,0.278,8,12
599,813,2021-07-11,29393,0.2128,7,12
600,182,2021-07-11,490731,0.2703,4,12
601,771,2021-07-11,254392,0.1697,4,12
602,698,2021-07-11,211972,0.2968,5,12
603,272,2021-07-11,451188,0.2183,4,12
604,198,2021-07-11,351646,0.2562,3,12
605,708,2021-07-11,324655,0.2009,4,12
606,949,2021-07-11,52297,0.2577,4,12
607,977,2021-07-11,123369,0.2635,5,12
608,406,2021-07-11,165795,0.2686,2,12
609,887,2021-07-11,233444,0.1823,4,12
610,798,2021-07-11,201112,0.268,7,12
611,16,2021-07-12,370892,0.2511,4,12
612,898,2021-07-12,449782,0.1867,5,12
613,538,2021-07-12,374932,0.1901,5,12
614,93,2021-07-12,183021,0.1721,4,12
615,477,2021-07-13,234954,0.2121,2,12
616,252,2021-07-13,340608,0.2095,4,12
617,201,2021-07-13,273215,0.1984,5,12
618,926,2021-07-13,142396,0.2746,2,12
619,876,2021-07-13,136522,0.188,5,12
620,666,2021-07-13,285724,0.2916,4,12
621,702,2021-07-13,437585,0.196,3,12
622,644,2021-07-13,54039,0.2856,4,12
623,630,2021-07-13,244662,0.2237,4,12
624,555,2021-07-13,173245,0.2166,4,12
625,26,2021-07-13,258206,0.2656,4,12
626,478,2021-07-13,335221,0.2513,4,12
627,944,2021-07-15,358062,0.2637,7,12
628,424,2021-07-15,108754,0.2137,4,12
629,732,2021-07-15,233971,0.2938,4,12
630,315,2021-07-15,282610,0.2014,4,12
631,208,2021-07-17,334138,0.2989,7,12
632,686,2021-07-17,398119,0.2527,4,12
633,823,2021-07-17,276758,0.2838,4,12
634,456,2021-07-17,108390,0.2929,7,12
635,485,2021-07-17,366289,0.2523,4,12
636,834,2021-07-17,265989,0.2536,4,12
637,438,2021-07-17,405811,0.1861,1,12
638,757,2021-07-17,91793,0.287,4,12
639,577,2021-07-22,86367,0.2396,3,12
640,794,2021-07-22,413591,0.2546,4,12
641,233,2021-07-22,241020,0.255,7,12
642,445,2021-07-22,150341,0.198,4,12
643,574,2021-07-22,305375,0.238,4,12
644,968,2021-07-22,415600,0.2316,4,12
645,997,2021-07-22,26275,0.2562,4,12
646,134,2021-07-22,291975,0.2738,1,12
647,10,2021-07-24,458951,0.2382,4,12
648,561,2021-07-24,251266,0.2654,5,12
649,178,2021-07-24,88321,0.2221,5,12
650,230,2021-07-24,39092,0.2834,7,12
651,212,2021-07-24,171933,0.2357,8,12
652,172,2021-07-24,42283,0.2176,4,12
653,773,2021-07-24,117236,0.1577,7,12
654,594,2021-07-24,30995,0.2142,1,12
655,488,2021-07-25,247692,0.1875,4,12
656,585,2021-07-25,184571,0.225,2,12
657,137,2021-07-25,216748,0.1884,5,12
658,710,2021-07-25,479663,0.155,1,12
659,987,2021-07-25,25934,0.2625,4,12
660,129,2021-07-25,302726,0.2703,6,12
661,77,2021-07-25,245867,0.1658,6,12
662,495,2021-07-25,284091,0.2213,5,12
663,34,2021-07-25,448618,0.2839,4,12
664,862,2021-07-25,59052,0.1924,1,12
665,470,2021-07-25,72154,0.2854,1,12
666,748,2021-07-25,107618,0.2879,6,12
667,974,2021-07-27,108527,0.1543,4,12
668,476,2021-07-27,154443,0.2655,5,12
669,202,2021-07-27,416377,0.2819,3,12
670,515,2021-07-27,466869,0.1542,4,12
671,646,2021-07-27,320604,0.2958,4,12
672,461,2021-07-27,270883,0.2765,4,12
673,524,2021-07-27,73818,0.1877,1,12
674,391,2021-07-28,424708,0.1784,4,12
675,567,2021-07-28,401949,0.2377,1,12
676,544,2021-07-28,42161,0.2198,4,12
677,796,2021-07-28,273665,0.2433,4,12
678,539,2021-07-28,360246,0.2217,3,12
679,607,2021-07-28,272188,0.2182,4,12
680,101,2021-07-29,87900,0.2678,1,12
681,818,2021-07-29,75818,0.2055,1,12
682,783,2021-07-29,93670,0.2557,4,12
683,883,2021-07-29,472844,0.1656,4,12
684,945,2021-07-29,260413,0.2195,7,12
685,343,2021-07-29,11222,0.2197,4,12
686,394,2021-07-30,305910,0.2257,1,12
687,362,2021-07-30,441066,0.1964,4,12
688,384,2021-07-30,115943,0.2707,2,12
689,47,2021-08-04,60302,0.2558,1,12
690,714,2021-08-04,417667,0.2963,1,12
691,380,2021-08-04,149423,0.2124,7,12
692,141,2021-08-05,410784,0.2704,4,12
693,896,2021-08-05,410759,0.2448,3,12
694,754,2021-08-05,292406,0.2322,4,12
695,305,2021-08-06,246385,0.2237,4,12
696,659,2021-08-06,155346,0.1666,7,12
697,122,2021-08-06,371872,0.1873,5,12
698,215,2021-08-06,176727,0.1774,4,12
699,54,2021-08-06,105218,0.1961,1,12
700,7,2021-08-06,307748,0.2793,1,12
701,877,2021-08-06,291832,0.1911,5,12
702,545,2021-08-06,221457,0.1527,4,12
703,684,2021-08-06,394748,0.2003,4,12
704,613,2021-08-06,493309,0.1702,4,12
705,133,2021-08-07,357402,0.2504,4,12
706,919,2021-08-07,129453,0.1516,2,12
707,576,2021-08-07,291209,0.2951,4,12
708,236,2021-08-07,451987,0.2742,4,12
709,975,2021-08-07,329954,0.1701,4,12
710,547,2021-08-07,251857,0.1515,4,12
711,718,2021-08-07,206001,0.2051,6,12
712,250,2021-08-07,313081,0.2601,5,12
713,537,2021-08-09,374857,0.1816,1,12
714,251,2021-08-09,57958,0.1548,4,12
715,270,2021-08-09,244417,0.1701,4,12
716,928,2021-08-09,47511,0.1751,1,12
717,415,2021-08-09,345104,0.1873,1,12
718,71,2021-08-09,316427,0.2965,5,12
719,6,2021-08-09,38655,0.2544,5,12
720,492,2021-08-09,471143,0.1769,4,12
721,726,2021-08-10,455166,0.1572,7,12
722,185,2021-08-10,230279,0.2351,5,12
723,663,2021-08-10,457419,0.2161,5,12
724,286,2021-08-10,144903,0.2573,3,12
725,68,2021-08-10,324959,0.2135,6,12
726,658,2021-08-10,321604,0.2628,2,12
727,345,2021-08-10,217056,0.2262,4,12
728,464,2021-08-10,144006,0.1824,4,12
729,902,2021-08-11,369314,0.1635,1,12
730,256,2021-08-11,410389,0.1516,1,12
731,590,2021-08-11,46082,0.2433,1,12
732,246,2021-08-11,347511,0.279,1,12
733,741,2021-08-11,141798,0.1581,8,12
734,878,2021-08-11,401151,0.2499,2,12
735,409,2021-08-11,57620,0.1703,4,12
736,390,2021-08-11,366823,0.1942,1,12
737,136,2021-08-12,213715,0.2908,4,12
738,466,2021-08-12,161144,0.2628,4,12
739,327,2021-08-12,244850,0.163,4,12
740,350,2021-08-12,479472,0.2216,1,12
741,735,2021-08-12,42635,0.2221,4,12
742,403,2021-08-12,99401,0.2153,5,12
743,234,2021-08-12,217895,0.231,5,12
744,435,2021-08-12,151004,0.2437,4,12
745,729,2021-08-12,476706,0.2206,4,12
746,463,2021-08-12,15473,0.2571,4,12
747,239,2021-08-12,302101,0.158,7,12
748,426,2021-08-12,389585,0.233,1,12
749,802,2021-08-13,308017,0.2965,7,12
750,139,2021-08-13,319753,0.2674,1,12
751,414,2021-08-13,493782,0.1549,4,12
752,858,2021-08-13,189716,0.204,4,12
753,619,2021-08-13,476232,0.1968,4,12
754,27,2021-08-13,125451,0.1946,5,12
755,62,2021-08-14,155141,0.1747,1,12
756,19,2021-08-14,221241,0.203,5,12
757,187,2021-08-14,155014,0.2148,5,12
758,351,2021-08-14,79071,0.2302,4,12
759,190,2021-08-14,46180,0.2035,4,12
760,430,2021-08-14,418369,0.2529,1,12
761,348,2021-08-16,365522,0.2762,4,12
762,559,2021-08-16,165407,0.1993,4,12
763,861,2021-08-16,496079,0.2942,1,12
764,297,2021-08-16,485078,0.235,4,12
765,268,2021-08-16,354878,0.2623,4,12
766,589,2021-08-16,74453,0.1839,7,12
767,9,2021-08-18,47775,0.1667,6,12
768,296,2021-08-18,333976,0.162,4,12
769,832,2021-08-18,378012,0.2061,5,12
770,436,2021-08-18,281959,0.2217,7,12
771,319,2021-08-18,335293,0.1531,4,12
772,238,2021-08-18,50448,0.2053,3,12
773,262,2021-08-19,233847,0.2111,1,12
774,340,2021-08-19,79582,0.2339,6,12
775,609,2021-08-19,248070,0.1562,4,12
776,269,2021-08-19,72455,0.2847,1,12
777,629,2021-08-19,21891,0.2667,1,12
778,815,2021-08-19,257605,0.1808,4,12
779,257,2021-08-20,383970,0.1813,5,12
780,115,2021-08-20,451782,0.2642,1,12
781,978,2021-08-20,314353,0.235,3,12
782,275,2021-08-20,239879,0.2825,8,12
783,279,2021-08-20,126891,0.2479,4,12
784,709,2021-08-20,455870,0.218,4,12
785,854,2021-08-21,378616,0.2622,4,12
786,553,2021-08-22,369378,0.2759,6,12
787,662,2021-08-24,333871,0.2489,1,12
788,930,2021-08-24,286713,0.2488,4,12
789,704,2021-08-24,310607,0.2789,3,12
790,736,2021-08-26,277458,0.1752,6,12
791,922,2021-08-26,207711,0.2887,1,12
792,337,2021-08-26,415783,0.1613,4,12
793,195,2021-08-28,225977,0.2621,3,12
794,990,2021-08-29,334373,0.1751,4,12
795,44,2021-08-30,217372,0.2022,4,12
796,650,2021-08-31,112331,0.2678,4,12
797,626,2021-09-01,46652,0.2614,2,12
798,96,2021-09-02,452816,0.2653,4,12
799,439,2021-09-02,115525,0.1868,6,12
800,810,2021-09-03,461819,0.2427,7,12
801,383,2021-09-03,429568,0.2658,4,12
802,954,2021-09-03,336974,0.1676,6,12
803,444,2021-09-04,89440,0.2721,4,12
804,520,2021-09-04,491625,0.2156,1,12
805,906,2021-09-05,222997,0.1577,2,12
806,568,2021-09-06,103169,0.2024,1,12
807,608,2021-09-07,194540,0.2864,7,12
808,617,2021-09-07,411541,0.2144,4,12
809,307,2021-09-07,54978,0.1635,5,12
810,776,2021-09-07,123884,0.2064,4,12
811,124,2021-09-07,438354,0.2144,7,12
812,396,2021-09-07,45504,0.2821,5,12
813,156,2021-09-09,324463,0.2555,1,12
814,393,2021-09-09,81478,0.2025,1,12
815,543,2021-09-09,262042,0.2824,5,12
816,542,2021-09-09,338315,0.296,1,12
817,920,2021-09-09,390396,0.2892,4,12
818,640,2021-09-09,18490,0.1846,6,12
819,570,2021-09-09,397646,0.2847,4,12
820,797,2021-09-09,160519,0.15,6,12
821,85,2021-09-09,69728,0.1595,5,12
822,665,2021-09-12,306474,0.2646,2,12
823,67,2021-09-12,378893,0.251,1,12
824,253,2021-09-12,496748,0.2013,4,12
825,32,2021-09-12,433786,0.2915,5,12
826,991,2021-09-12,182596,0.2634,4,12
827,648,2021-09-13,493331,0.2534,8,12
828,958,2021-09-13,84454,0.1524,4,12
829,527,2021-09-13,146906,0.2238,4,12
830,331,2021-09-13,334241,0.27,4,12
831,373,2021-09-13,445584,0.2597,5,12
832,413,2021-09-15,382228,0.2982,4,12
833,506,2021-09-15,190675,0.2522,4,12
834,58,2021-09-15,175811,0.1769,5,12
835,243,2021-09-15,184272,0.2515,6,12
836,676,2021-09-15,443996,0.2827,4,12
837,838,2021-09-19,155543,0.1767,5,12
838,87,2021-09-19,289168,0.1575,4,12
839,290,2021-09-19,183719,0.2013,4,12
840,711,2021-09-19,78553,0.2212,4,12
841,775,2021-09-19,430294,0.1754,8,12
842,473,2021-09-19,257434,0.2004,7,12
843,618,2021-09-19,454225,0.2932,8,12
844,870,2021-09-19,355776,0.253,2,12
845,562,2021-09-19,43547,0.1919,7,12
846,874,2021-09-19,73186,0.2787,4,12
847,846,2021-09-19,172347,0.1645,4,12
848,164,2021-09-19,434756,0.1831,5,12
849,669,2021-09-19,142907,0.1538,4,12
850,943,2021-09-19,435045,0.2993,5,12
851,859,2021-09-19,134307,0.2073,6,12
852,909,2021-09-19,250863,0.2216,4,12
853,385,2021-09-19,85539,0.265,7,12
854,888,2021-09-20,244971,0.2413,7,12
855,566,2021-09-22,375277,0.1953,4,12
856,649,2021-09-22,331597,0.2953,2,12
857,705,2021-09-22,451837,0.2395,7,12
858,165,2021-09-22,67582,0.2789,5,12
859,197,2021-09-22,122025,0.2085,8,12
860,940,2021-09-22,188560,0.2365,5,12
861,981,2021-09-22,219665,0.1628,1,12
862,841,2021-09-22,29255,0.1643,4,12
863,18,2021-09-22,110220,0.2206,1,12
864,176,2021-09-22,489236,0.2334,4,12
865,774,2021-09-22,366530,0.2288,4,12
866,759,2021-09-23,180188,0.2966,5,12
867,13,2021-09-23,342289,0.1935,3,12
868,142,2021-09-23,74987,0.2607,4,12
869,693,2021-09-23,457089,0.2058,5,12
870,245,2021-09-23,51371,0.2581,4,12
871,677,2021-09-23,483906,0.1628,4,12
872,934,2021-09-23,29000,0.2798,4,12
873,266,2021-09-23,236403,0.2636,4,12
874,712,2021-09-23,52607,0.2606,4,12
875,36,2021-09-23,138631,0.2337,1,12
876,831,2021-09-24,293228,0.2524,4,12
877,146,2021-09-24,63163,0.1989,4,12
878,826,2021-09-24,126247,0.2574,5,12
879,292,2021-09-24,180611,0.2476,4,12
880,980,2021-09-24,138928,0.1569,8,12
881,971,2021-09-24,296361,0.2675,1,12
882,890,2021-09-24,276827,0.1955,4,12
883,667,2021-09-24,89333,0.2605,5,12
884,791,2021-09-24,28570,0.2832,8,12
885,536,2021-09-24,219538,0.2042,4,12
886,278,2021-09-25,141758,0.2496,1,12
887,194,2021-09-25,383014,0.2104,4,12
888,70,2021-09-25,380313,0.2524,4,12
889,344,2021-09-25,221562,0.2264,4,12
890,817,2021-09-25,63867,0.2279,4,12
891,283,2021-09-25,257315,0.2856,1,12
892,643,2021-09-25,436951,0.2455,1,12
893,323,2021-09-25,130070,0.2033,1,12
894,951,2021-09-25,68201,0.1748,6,12
895,822,2021-09-25,111323,0.2285,1,12
896,121,2021-09-25,80828,0.2759,2,12
897,254,2021-09-25,354123,0.258,4,12
898,434,2021-09-25,304449,0.2174,4,12
899,751,2021-09-25,40546,0.239,7,12
900,420,2021-09-25,234511,0.2783,5,12
901,41,2021-09-25,339253,0.2353,1,12
902,573,2021-09-25,488433,0.1581,1,12
903,674,2021-09-25,93279,0.2525,2,12
904,557,2021-09-25,178321,0.213,4,12
905,235,2021-09-25,167772,0.222,5,12
906,540,2021-09-25,209316,0.1754,4,12
907,734,2021-09-25,272331,0.2607,2,12
908,94,2021-09-25,348173,0.1611,4,12
909,989,2021-09-25,445126,0.1511,6,12
910,936,2021-09-25,155880,0.1992,4,12
911,560,2021-09-25,406173,0.1625,7,12
912,728,2021-09-25,479258,0.2266,1,12
913,440,2021-09-25,431851,0.2024,4,12
914,408,2021-09-25,84201,0.2088,1,12
915,395,2021-09-25,368003,0.1919,5,12
916,645,2021-09-25,499183,0.2079,5,12
917,723,2021-09-25,412302,0.1586,4,12
918,558,2021-09-25,120560,0.185,3,12
919,967,2021-09-25,167897,0.2331,5,12
920,3,2021-09-27,489201,0.2539,4,12
921,33,2021-09-27,453877,0.2901,4,12
922,402,2021-09-27,30411,0.1868,4,12
923,263,2021-09-27,393058,0.242,4,12
924,717,2021-09-27,439768,0.287,4,12
925,200,2021-09-27,169965,0.234,6,12
926,135,2021-09-27,440943,0.2822,4,12
927,457,2021-09-27,283449,0.1924,1,12
928,761,2021-09-27,248868,0.2943,4,12
929,809,2021-09-27,275421,0.1827,4,12
930,186,2021-09-27,303091,0.2161,8,12
931,579,2021-09-27,238200,0.2081,1,12
932,332,2021-09-27,337084,0.2267,4,12
933,638,2021-09-27,160549,0.1799,4,12
934,503,2021-09-27,264557,0.2519,4,12
935,126,2021-09-27,384042,0.2494,8,12
936,840,2021-09-27,81987,0.2779,5,12
937,755,2021-09-27,13930,0.2796,1,12
938,591,2021-09-27,477975,0.1641,4,12
939,144,2021-09-27,74738,0.2643,7,12
940,447,2021-09-27,323593,0.1618,3,12
941,192,2021-09-27,340487,0.2494,4,12
942,410,2021-09-27,494226,0.2942,1,12
943,842,2021-09-27,123754,0.1983,1,12
944,624,2021-09-28,260251,0.2582,1,12
945,317,2021-09-28,145833,0.2434,6,12
946,937,2021-09-28,268610,0.2031,1,12
947,398,2021-09-28,288781,0.1841,5,12
948,856,2021-09-28,227509,0.2981,4,12
949,875,2021-09-28,25428,0.2379,3,12
950,221,2021-09-28,286878,0.2565,1,12
951,341,2021-09-28,425652,0.2052,5,12
952,597,2021-09-28,399324,0.2461,4,12
953,746,2021-09-28,107038,0.2374,1,12
954,314,2021-09-28,30905,0.2654,2,12
955,247,2021-09-28,25836,0.2425,7,12
956,925,2021-09-28,140120,0.2183,6,12
957,799,2021-09-28,225439,0.1947,5,12
958,39,2021-09-28,185402,0.1539,3,12
959,125,2021-09-28,237707,0.2488,1,12
960,166,2021-09-28,312381,0.2635,8,12
961,753,2021-09-28,82130,0.2218,6,12
962,366,2021-09-28,59026,0.2292,8,12
963,969,2021-09-28,131683,0.2497,4,12
964,98,2021-09-28,279856,0.1548,6,12
965,1,2021-09-28,180235,0.2623,4,12
966,179,2021-09-28,274098,0.2106,5,12
967,5,2021-09-28,266093,0.1597,4,12
968,193,2021-09-29,21869,0.2683,5,12
969,369,2021-09-29,496757,0.205,7,12
970,50,2021-09-29,458879,0.2298,5,12
971,78,2021-09-29,418813,0.2663,4,12
972,938,2021-09-29,393969,0.163,4,12
973,998,2021-09-29,68016,0.2078,4,12
974,448,2021-09-29,99406,0.2907,7,12
975,51,2021-09-29,96925,0.2035,4,12
976,21,2021-09-29,282907,0.2253,2,12
977,23,2021-09-29,150074,0.1836,5,12
978,504,2021-09-29,322388,0.2243,6,12
979,720,2021-09-29,423042,0.2276,4,12
980,299,2021-09-29,287392,0.2093,4,12
981,376,2021-09-29,442167,0.2685,1,12
982,900,2021-09-29,261281,0.2385,3,12
983,271,2021-09-29,479105,0.1962,4,12
984,280,2021-09-29,496385,0.1775,5,12
985,418,2021-09-29,490844,0.1512,4,12
986,914,2021-09-29,313103,0.2421,1,12
987,2,2021-09-29,274855,0.1579,4,12
988,329,2021-09-29,343242,0.2171,4,12
989,143,2021-09-29,373924,0.1732,4,12
990,422,2021-09-29,207471,0.2861,4,12
991,22,2021-09-29,436584,0.1547,5,12
992,800,2021-09-29,139050,0.2106,3,12
993,25,2021-09-29,235191,0.2164,8,12
994,727,2021-09-29,141080,0.1732,4,12
995,864,2021-09-30,484534,0.1657,7,12
996,830,2021-09-30,478805,0.1527,7,12
997,4,2021-09-30,320992,0.2163,4,12
998,242,2021-09-30,102274,0.2256,5,12
999,939,2021-09-30,14625,0.2971,7,12
1000,309,2021-09-30,475075,0.1645,4,12
